Rank,Alias,Wallet,Total AUM,$HYPE,$USDC,Memecoins,$HYPE Staked,$HYPE Staked/Total AUM (%),Memes/Total AUM (%),Staking Rewards,Total Inflow Volume,Total Outflow Volume,General Capital Flow,Token with the most amount of USD value transfer,Txn Frequency,Max Value Transferred in 1 txn ($),Average Transaction Volume (in $),Total Fee Spend ($),Top 1st Outflow Wallet,Top 2nd Outflow Wallet,Top 3rd Outflow Wallet,Top 4th Outflow Wallet,Top 5th Outflow Wallet,Withdrawals to Arbitrum Frequency,Deposits from Arbitrum Frequency,Frequency Hyperevm,Frequency HLP,Frequency HIP-2
1,Hyperlabs,0x43e9abea1910387c4292bca4b94de81462f8a251,10034883653.73,6248700.0,0.0031,25694.34,10025790234.61,99.91,0.0,2819024.78,0.41792,-0.003181,Positive,HYPE,46.0,0.412975,0.009016,1.0,-,insufficient balance to withdraw from cstaking,invalid nonce: duplicate nonce 1746529414113,invalid nonce: duplicate nonce 1746529414112,HIP-2,0.0,0.0,0.0,0.0,0.0
2,Hyper Foundation,0xd57ecca444a9acb7208d286be439de12dd09de5d,2507332823.72,41.658,0.0031,6465.49,2506620897.38,99.97,0.0,705419.19,297.610306,-22052105.299181,Positive,HOPE,99.0,293.61,-222745.532211,4.0,-,0x7bca0bede8347872e45d9995feaeba6a3c6e6a3c,cannot undelegate during lockup period after delegating or voting.,0xe179d8b8cdf428e5e2827c91fe1a45e19012d6e9,invalid nonce: duplicate nonce 1746353460795,0.0,0.0,0.0,0.0,0.0
3,Hyper Assistance Fund,0xfefefefefefefefefefefefefefefefefefefefe,1081091179.25,1081086774.2524,2487.7383,917.26,0.0,0.0,0.0,0.0,64415973.56187,0.0,Positive,USDC,1960.0,5000000.0,32865.292634,0.0,vault cannot receive spot.,invalid number of decimals: 1000000000000,unexpected error (code=144),transfer amount cannot be zero.,vault not registered: 0xfefefefefefefefefefefefefefefefefefefefe,0.0,0.0,0.0,0.0,0.0
4,HyperEVM,0x2222222222222222222222222222222222222222,1047146867.55,1047146447.0521,0.0,0.0,0.0,0.0,0.0,0.0,8841033.604997,-7435000.404469,Positive,HYPE,2004.0,1918531.237823,701.613374,0.0,0xf62e2ea5865cf3ea36ee99ee5840c74d302eca6b,0x961d661aabf8887506f19aba041e6d7b69e40f9c,0x619641582a624ecf7a365b5532fccf6d50ae68d9,0xde7a8999e77268e215d1d311d8c704af26bca616,0x42fa34caf53e79fcef0d147da7e1c31123fede21,0.0,0.0,0.0,0.0,0.0
5,0x77c3ea550d2da44b120e55071f57a108f8dd5e45,0x77c3ea550d2da44b120e55071f57a108f8dd5e45,473451851.08,0.0,41.1698,177.22,473390639.15,99.99,0.0,60993.54,531702668.400502,-31804730.778214,Positive,HYPE,135.0,123581685.44377,3702949.130535,2.0,-,HyperEVM,0x20e97805af96ec2adeb7b2f0cea61b1414d5328c,extra agent already used.,l1 eth api error: already known,0.0,1.0,0.0,0.0,0.0
6,0x716bd8d3337972db99995dda5c4b34d954a61d95,0x716bd8d3337972db99995dda5c4b34d954a61d95,178823191.65,178823182.4565,8.0038,1.19,0.0,0.0,0.0,0.0,944748214.019974,-766614050.880057,Positive,HYPE,386.0,41304500.0,461487.469274,1.0,0x156fdf14cdb80c9623b5eb06a164a799aa719119,,,,,0.0,0.0,0.0,0.0,0.0
7,0x5b5d51203a0f9079f8aeb098a6523a13f298c060,0x5b5d51203a0f9079f8aeb098a6523a13f298c060,149810498.96,13155778.3659,330684.722,21.74,52677997.42,35.16,0.0,2740.06,277243633.501796,-130512344.068159,Positive,USDC,1187.0,12999995.0,193540.997779,17.0,HIP-2,limit,arbitrum,0x9c889578d839e07a380b88aa95ba6773f182a807,HyperEVM,16.0,60.0,0.0,0.0,0.0
8,0x9794bbbc222b6b93c1417d01aa1ff06d42e5333b,0x9794bbbc222b6b93c1417d01aa1ff06d42e5333b,148767375.21,23361056.4728,0.2605,208.76,125365360.82,84.27,0.0,40748.89,29325165.395013,-11862352.047143,Positive,USDC,473.0,6500000.0,103053.391306,3.0,HIP-2,limit,0x6e93ebc8302890ff1d1befd779d1db131ef30d4d,-,0x8b0d15ac244f6cee45ccf32215f3c9c2e30219c6,2.0,7.0,0.0,0.0,0.0
9,0xfae95f601f3a25ace60d19dbb929f2a5c57e3571,0xfae95f601f3a25ace60d19dbb929f2a5c57e3571,139759516.56,0.0012,747.0479,274.54,139752743.7,100.0,0.0,5751.27,231760692.747138,-95931106.762378,Positive,HYPE,595.0,81624086.0042,271479.803218,4.0,limit,HIP-2,0x5a26ef07e42f18a5a545994cad6956b8f732ed36,HLP Vault,0x3e5b2598a32ebf003ad5a7254faa3d04ff41d9fe,1.0,0.0,0.0,0.0,0.0
10,0xa20fcfa0507fe762011962cc581b95bbbc3bbdba,0xa20fcfa0507fe762011962cc581b95bbbc3bbdba,126491646.78,0.0,0.0156,323.75,126455756.99,99.97,0.0,35566.02,146.499675,-0.003181,Positive,HYPE,25.0,41.319664,5.85986,0.0,-,HIP-2,,,,0.0,0.0,0.0,0.0,0.0
11,0xecb63caa47c7c4e77f60f1ce858cf28dc2b82b00,0xecb63caa47c7c4e77f60f1ce858cf28dc2b82b00,107775818.79,16008905.4391,2410764.1681,764.29,10518726.38,9.76,0.0,1501.95,517702466.244433,-520373599.699612,Positive,USDC,3498.0,9440942.0,77261.874655,69.0,HIP-2,0xcbc4631ece0b24282e0352c810f6cec1d8d566e7,HyperEVM,limit,0x6455327f820edd69c4cd665b995e0fec679d7f9e,63.0,100.0,0.0,0.0,0.0
12,0x51156f7002c4f74f4956c9e0f2b7bfb6e9dbfac2,0x51156f7002c4f74f4956c9e0f2b7bfb6e9dbfac2,100479938.29,0.0,137345.3797,151.23,100314379.65,99.84,0.0,28061.93,113402366.868227,-16209596.173733,Positive,HYPE,1380.0,38429222.588955,72777.088866,2.0,HIP-2,limit,arbitrum,0xba60e7e6c222a6eca70abb6bb011c40fdaaa565b,0x9a4a2224eb1ce642a497738e6e1227a0411f3679,2.0,2.0,0.0,0.0,0.0
13,0xfdc5a81605d8b926947d2e865f74025dd53ac314,0xfdc5a81605d8b926947d2e865f74025dd53ac314,99303566.63,0.0035,37.817,0.0,99301186.6,100.0,0.0,2342.21,98414228.925976,-17.78621,Positive,HYPE,4.0,98414228.925976,24603552.784942,0.0,-,HIP-2,l1 eth api error: already known,,,0.0,0.0,0.0,0.0,0.0
14,0xa350d83fdcc7ac81dfaedea1a87108401ccb015f,0xa350d83fdcc7ac81dfaedea1a87108401ccb015f,97059371.78,97059371.784,0.0,0.0,0.0,0.0,0.0,0.0,96284676.860572,0.0,Positive,HYPE,9.0,31245758.121636,10698297.428952,1.0,,,,,,0.0,0.0,0.0,0.0,0.0
15,0x0d0707963952f2fba59dd06f2b425ace40b492fe,0x0d0707963952f2fba59dd06f2b425ace40b492fe,80611187.66,80543048.9667,68131.0,7.7,0.0,0.0,0.0,0.0,94039818.106705,-92819641.777929,Positive,HYPE,2000.0,12394950.057771,610.088164,354.0,0x21545868f1ab42b402ae035e757b5065e15dfeb9,0x2bc1892527b78a148b9cde748f16880038e41eab,0xebe163781f141102c6ba2220bb13481b9f4b538c,0xa21c0c38b15d50b99b1fc627e5f7fb45b08bbc9c,0xba61f7c6e014a5767271dfbef8a2b98b304d3c63,0.0,0.0,0.0,0.0,0.0
16,0xc4ff1b50648213bdb064bea8c9e25bfa0606f93a,0xc4ff1b50648213bdb064bea8c9e25bfa0606f93a,77896326.41,77896326.4075,0.0,0.0,0.0,0.0,0.0,0.0,77238121.335375,0.0,Positive,HYPE,6.0,39418925.573606,12873020.222562,1.0,,,,,,0.0,0.0,0.0,0.0,0.0
17,0x7f0269d7438a27811e6fa0fc33b51a79ea79be9e,0x7f0269d7438a27811e6fa0fc33b51a79ea79be9e,77812229.02,77812229.0225,0.0,0.0,0.0,0.0,0.0,0.0,77139791.496768,0.0,Positive,HYPE,8.0,19151200.161658,9642473.937096,1.0,,,,,,0.0,0.0,0.0,0.0,0.0
18,0xbde2ddc49a2e6827300faa6afc93d572114a60b1,0xbde2ddc49a2e6827300faa6afc93d572114a60b1,76953486.05,4690518.0913,0.0033,25.19,70582434.53,91.72,0.0,22422.73,99102830.418707,-22740463.321137,Positive,HYPE,110.0,47545685.738938,703565.447342,1.0,HIP-2,0xc15add7eb1ba708bc7189cef6a4c47200b77a52b,-,invalid nonce: duplicate nonce 1732857876212,,0.0,0.0,0.0,0.0,0.0
19,Whale_Wallet_13,0xcfdb74a8c080bb7b4360ed6fe21f895c653efff4,65653836.87,10456993.009,0.0087,142.4,55181978.45,84.05,0.0,14723.01,28364669.56366,-40527884.100496,Positive,USDC,951.0,8488358.27,59992.766523,8.0,HIP-2,limit,arbitrum,twap order value too large. max is $2000000.,deposit has already been credited.,8.0,15.0,0.0,0.0,0.0
20,0x493db0ed7514c975e9abcc110bd40c473b6763e3,0x493db0ed7514c975e9abcc110bd40c473b6763e3,63319804.18,56996430.6843,52.6278,143.18,6321431.76,9.98,0.0,1745.93,66000868.960025,-3304001.043786,Positive,HYPE,34.0,64967857.082021,1844025.526948,2.0,HIP-2,0x1468cae31a4f5745ce9fca8fe055df8aa90e1de7,-,limit,HFUN Fees Receiver,0.0,0.0,0.0,0.0,0.0
21,0x4a207d289fd49e60502451099771127bcf35b961,0x4a207d289fd49e60502451099771127bcf35b961,62367097.2,24082289.9027,436671.6171,7.43,20833057.56,33.4,0.0,8942.15,48694794.402055,-52000845.25968,Positive,USDC,547.0,36880295.80347,90401.787975,16.0,HIP-2,limit,arbitrum,,,16.0,52.0,0.0,0.0,0.0
22,0x4e14fc11f58b64740e66e4b1aa188a4b007c0eab,0x4e14fc11f58b64740e66e4b1aa188a4b007c0eab,62321448.28,62318527.7067,0.0201,2381.38,0.0,0.0,0.0,0.0,9743406.859048,-17547182.633858,Positive,USDC,1942.0,1466290.0,-1439.115767,2.0,HIP-2,limit,cannot decrease leverage with open position.,arbitrum,cannot switch leverage type with open position.,2.0,12.0,0.0,0.0,0.0
23,0xb83de012dba672c76a7dbbbf3e459cb59d7d6e36,0xb83de012dba672c76a7dbbbf3e459cb59d7d6e36,62237559.73,1528997.947,360315.0274,6.84,19214073.94,30.87,0.0,838.04,203054.52776,-725695.33416,Positive,UFART,1427.0,1000.5888,-366.251441,0.0,HIP-2,limit,,,,0.0,0.0,0.0,0.0,0.0
24,0x1ab4973a48dc892cd9971ece8e01dcc7688f8f23,0x1ab4973a48dc892cd9971ece8e01dcc7688f8f23,55852776.36,55846992.681,5782.9342,0.04,0.0,0.0,0.0,0.0,24035167.583373,-19924606.497941,Positive,HYPE,2003.0,2475030.0,2052.202239,397.0,0x744727a6fc563f54fd0f6f0442c0bd1e212011f9,0x5356258ffc9be607c1ab49b677f734c4539bb9cf,0x811969305ae2936e3dce5bd58671e2b5b4547e25,0x78f9d6f8a3cca17c53f055e38cd561aa4052481d,0xf5ee9b4562fdc8d45db7a7cad7f5dc69b109a5c5,0.0,0.0,0.0,0.0,0.0
25,0xb2833d8822baa7b4e6418c0d891ec94db31adf5a,0xb2833d8822baa7b4e6418c0d891ec94db31adf5a,54926962.31,54926962.3114,0.0,0.0,0.0,0.0,0.0,0.0,54458227.97218,0.0,Positive,HYPE,4.0,30814769.091553,13614556.993045,1.0,,,,,,0.0,0.0,0.0,0.0,0.0
26,0xd22fd233a6ed7b6a19c659fb4f05fefa4f0c7043,0xd22fd233a6ed7b6a19c659fb4f05fefa4f0c7043,53421970.5,53421970.5017,0.0,0.0,0.0,0.0,0.0,0.0,52899394.934515,0.0,Positive,HYPE,4.0,34165253.022666,13224848.733629,1.0,invalid nonce: duplicate nonce 1740534486150,,,,,0.0,0.0,0.0,0.0,0.0
27,0x656c8da58d738295e03550796dd83900aa7c6525,0x656c8da58d738295e03550796dd83900aa7c6525,50053440.56,41.6572,0.0,124.25,50038544.32,99.97,0.0,14730.33,81401927.913615,-26245518.654099,Positive,HYPE,599.0,52799826.144135,94905.273839,11.0,HIP-2,l1 eth api error: already known,trigger,arbitrum,"twap was never placed, already canceled, or filled.",10.0,30.0,0.0,0.0,0.0
28,0xbdfa4f4492dd7b7cf211209c4791af8d52bf5c50,0xbdfa4f4492dd7b7cf211209c4791af8d52bf5c50,49511955.54,2375303.0334,152018.7813,1407.53,46349530.72,93.61,0.0,18089.55,70246071.759225,-30563698.550619,Positive,HYPE,1186.0,19414451.29883,36784.983668,15.0,HIP-2,l1 eth api error: already known,HyperEVM,HLP Vault,arbitrum,12.0,35.0,0.0,0.0,0.0
29,0x7dacca323e44f168494c779bb5e7483c468ef410,0x7dacca323e44f168494c779bb5e7483c468ef410,48765822.55,44221095.8285,3351788.4223,257.88,0.0,0.0,0.0,0.0,12393700.044185,-10624102.998999,Positive,USDC,734.0,3690450.8,14530.902296,2.0,HIP-2,limit,0xb06aaa8d7cd00e5d57b9c28d78267a1211677018,0x8fc7c0442e582bca195978c5a4fdec2e7c5bb0f7,HLP Vault,0.0,11.0,0.0,0.0,0.0
30,0xc764acfc6724434fb7a76f1c09db9b42481a443c,0xc764acfc6724434fb7a76f1c09db9b42481a443c,45995097.7,45995097.696,0.0,0.0,0.0,0.0,0.0,0.0,45545172.056,0.0,Positive,HYPE,4.0,34065057.192057,11386293.014,1.0,invalid nonce: duplicate nonce 1740455105545,,,,,0.0,0.0,0.0,0.0,0.0
31,0x03b9a189e2480d1e4c3007080b29f362282130fa,0x03b9a189e2480d1e4c3007080b29f362282130fa,44721261.09,4417485.0502,58215.162,208.44,39886754.67,89.19,0.0,9481.27,35919495.932226,-11316078.342712,Positive,HYPE,2284.0,20540653.887105,11210.693474,13.0,HIP-2,limit,0x644f7170fae9d4d173d9217f03b7a77e22ed98f1,0xe47cde8b59f8cac90defab9f9676dce27a580d0f,arbitrum,12.0,5.0,0.0,0.0,0.0
32,0x82d8dc80190e6bc1d92b048f9fc7e85e5e1e32ff,0x82d8dc80190e6bc1d92b048f9fc7e85e5e1e32ff,43743732.86,43743686.7624,0.0073,46.09,0.0,0.0,0.0,0.0,26585556.018539,20961952.31967,Positive,USDC,941.0,14509512.02,94200.399934,3.0,HIP-2,limit,deposit has already been credited.,arbitrum,withdrawal amount over single withdrawal limit.,3.0,17.0,0.0,0.0,0.0
33,0x1419e75330c71ce463102e6a1eb62fe80b412d5f,0x1419e75330c71ce463102e6a1eb62fe80b412d5f,42914844.91,15535139.6854,0.0029,54.17,27372572.64,63.78,0.0,7078.42,52777718.250297,-10669995.527637,Positive,HYPE,47.0,16500200.0,895908.994099,3.0,HLP Vault,-,arbitrum,deposit has already been credited.,HIP-2,3.0,3.0,0.0,0.0,0.0
34,0x89453000afe81a8843ae2d1c5df0f340f8800779,0x89453000afe81a8843ae2d1c5df0f340f8800779,42758582.88,7906108.4914,0.0032,11.93,33368404.18,78.04,0.0,7445.31,35.447681,-23.521904,Positive,LICKO,28.0,23.521904,0.425921,0.0,HIP-2,deposit has already been credited.,-,arbitrum,insufficient usdc balance for token transfer gas.,1.0,2.0,0.0,0.0,0.0
35,0x470acb23c5cf667e12e9d1cf6d53c9b203f4db90,0x470acb23c5cf667e12e9d1cf6d53c9b203f4db90,42422123.57,42422123.5709,0.0,0.0,0.0,0.0,0.0,0.0,42007148.88764,0.0,Positive,HYPE,5.0,33755460.214192,8401429.777528,1.0,invalid nonce: duplicate nonce 1740571986727,invalid nonce: duplicate nonce 1740534486702,,,,0.0,0.0,0.0,0.0,0.0
36,0x37ba55978b3add5e61c3cf1cdfe445c0d55482dd,0x37ba55978b3add5e61c3cf1cdfe445c0d55482dd,39675475.93,39675475.9287,0.0,0.0,0.0,0.0,0.0,0.0,39285464.228864,0.0,Positive,HYPE,2.0,39285441.711476,19642732.114432,1.0,,,,,,0.0,0.0,0.0,0.0,0.0
37,0xcf9bfaf7e7ed48d85f2487b8fed07852a5e93ad1,0xcf9bfaf7e7ed48d85f2487b8fed07852a5e93ad1,37447011.41,13313520.2394,0.0004,7.45,20927814.66,55.89,0.0,4902.05,351323.76575,5348669.150336,Negative,HYPE,103.0,3305100.0,55339.737049,0.0,limit,HIP-2,deposit has already been credited.,"isolated position does not have sufficient margin available to decrease leverage. to decrease leverage, add margin to the position.",-,0.0,0.0,0.0,0.0,0.0
38,0x992ec71207c9e183e64c81461908f1a1a783af6a,0x992ec71207c9e183e64c81461908f1a1a783af6a,37105998.85,23858783.7823,737285.2579,0.0,12509636.08,33.71,0.0,293.73,41386455.337981,-8162261.946773,Positive,USDC,914.0,8328377.636803,63079.979071,3.0,HIP-2,limit,0xcf712777021b33810803b55f455ae99e3380d664,insufficient usdc balance for token transfer gas.,-,1.0,9.0,0.0,0.0,0.0
39,0xe06a3c8d7eedc8c907a0bba434804288a6f7cd24,0xe06a3c8d7eedc8c907a0bba434804288a6f7cd24,35183910.64,35183910.6407,0.0,0.0,0.0,0.0,0.0,0.0,,,,,,,,,,,,,,,,,,
40,0xeb995c082dd1249fde261fa7c0b1c0a04fda86c9,0xeb995c082dd1249fde261fa7c0b1c0a04fda86c9,35002725.43,35002725.4239,0.0029,0.0,0.0,0.0,0.0,0.0,34901896.602545,-0.002979,Positive,HYPE,5.0,34901576.75964,6980379.319913,1.0,HIP-2,,,,,0.0,0.0,0.0,0.0,0.0
41,0xa23190045c4aebeb724844ce622465475e539bae,0xa23190045c4aebeb724844ce622465475e539bae,34954207.34,58.7599,0.0115,73.61,30028754.05,85.91,0.0,7533.34,73.608939,0.0,Positive,VAULT,1099.0,41.146871,0.066978,0.0,HIP-2,arbitrum,HyperEVM,0x20000000000000000000000000000000000000f1,HLP Vault,10.0,27.0,0.0,0.0,0.0
42,0x0e8bf301805df4e6ba7151297e5f7dfedc1eaab9,0x0e8bf301805df4e6ba7151297e5f7dfedc1eaab9,34718095.91,308419.2164,0.0006,86.59,34399726.93,99.08,0.0,9863.17,4414249.593113,-2318989.793495,Positive,USDC,835.0,1530917.56,9594.826059,6.0,HIP-2,limit,deposit has already been credited.,arbitrum,-,5.0,27.0,0.0,0.0,0.0
43,0x13c50dcdee4bbcba71baf578b345cdd35c7928be,0x13c50dcdee4bbcba71baf578b345cdd35c7928be,31744921.76,2834610.7862,0.0095,7307.53,28359749.46,89.34,0.02,10804.57,62076241.597258,-27126392.461074,Positive,HYPE,1121.0,34812928.304915,33581.450487,18.0,HIP-2,JEFF Deployer,limit,l1 eth api error: already known,HyperEVM,12.0,8.0,0.0,0.0,0.0
44,0x3e3868f5e6fd1b2c2b91b234436b46c0a5b1140c,0x3e3868f5e6fd1b2c2b91b234436b46c0a5b1140c,31537429.85,10.2223,637.7399,8.8,24723207.88,78.39,0.0,5555.43,18474626.50976,-493.045958,Positive,USDC,76.0,5012139.0,387382.242945,0.0,deposit has already been credited.,HIP-2,twap order value too large. max is $2000000.,-,invalid nonce: duplicate nonce 1733677578744,0.0,7.0,0.0,0.0,0.0
45,0xc59498175d6d317642aeb97f895a7ce1aa992191,0xc59498175d6d317642aeb97f895a7ce1aa992191,31420570.52,28796039.3054,2620000.0005,9.99,0.0,0.0,0.0,4521.23,8323926.739447,-10283988.279078,Positive,USDC,330.0,5007800.0,34346.650395,4.0,limit,HIP-2,deposit has already been credited.,-,arbitrum,4.0,9.0,0.0,0.0,0.0
46,0x6555e1cc97d3cba6eaddebbcd7ca51d75771e0b8,0x6555e1cc97d3cba6eaddebbcd7ca51d75771e0b8,30380892.23,21676504.5219,308325.5479,0.0,0.0,0.0,0.0,0.0,24358105.163199,39663140.664348,Negative,USDC,1728.0,21736108.31,58796.88148,3.0,limit,HIP-2,arbitrum,cannot decrease leverage with open position.,,3.0,6.0,0.0,0.0,0.0
47,Jae Chung (Manifold),0x091144e651b334341eabdbbbfed644ad0100023e,28459919.1,527776.2727,0.0008,1.03,22037835.18,77.43,0.0,392.44,84006014.400267,-62606862.462175,Positive,USDC,2242.0,10542512.831926,50244.046761,40.0,HIP-2,limit,arbitrum,0x1807cfb43abb681ae6a3e9568ec5dd77f210d78e,0xc4180d58e4980ae6b39c133ab3a9389ae62e8706,37.0,46.0,0.0,0.0,0.0
48,0x99967871e6c4f9a5185abc57edede9e9540191f6,0x99967871e6c4f9a5185abc57edede9e9540191f6,27863521.52,23650863.5652,0.0062,32.15,4211528.1,15.11,0.0,1097.7,5413661.347396,2044592.888434,Positive,USDC,391.0,1349747.54,29076.067125,2.0,limit,HIP-2,deposit has already been credited.,arbitrum,-,2.0,6.0,0.0,0.0,0.0
49,0xffe664491482ae9db6ba9e55c2ed1ea55c700a52,0xffe664491482ae9db6ba9e55c2ed1ea55c700a52,27410538.24,30.2802,717.6697,11.12,27403621.19,99.97,0.0,6157.74,14658592.371632,3024223.547935,Positive,USDC,91.0,5000000.0,276702.663292,1.0,limit,HIP-2,deposit has already been credited.,"twap was never placed, already canceled, or filled.",arbitrum,1.0,6.0,0.0,0.0,0.0
50,0xa87a233e8a7d8951ff790a2e39738086cb5f71b7,0xa87a233e8a7d8951ff790a2e39738086cb5f71b7,26895765.56,10873217.9053,318981.5519,98.43,4214358.19,15.67,0.0,1165.64,98.431744,-23.82513,Positive,VAULT,1597.0,82.014842,0.046717,0.0,HIP-2,limit,arbitrum,HLP Vault,deposit has already been credited.,29.0,29.0,0.0,0.0,0.0
51,0xad6b6913aa3e3071910a4d53a5c88dc01bade4a4,0xad6b6913aa3e3071910a4d53a5c88dc01bade4a4,25785259.07,25785259.0726,0.0,0.0,0.0,0.0,0.0,0.0,25529931.899687,0.0,Positive,HYPE,2.0,25529919.869437,12764965.949844,1.0,,,,,,0.0,0.0,0.0,0.0,0.0
52,0xe36eebf15b7b5042d86885641f5b040a8d07ae18,0xe36eebf15b7b5042d86885641f5b040a8d07ae18,25127822.11,25127822.1094,0.0,0.0,0.0,0.0,0.0,0.0,24880211.302925,0.0,Positive,HYPE,3.0,24879956.80585,8293403.767642,1.0,,,,,,0.0,0.0,0.0,0.0,0.0
53,0xaf297dec752c909092a117a932a8ca4aaaff9795,0xaf297dec752c909092a117a932a8ca4aaaff9795,24802689.44,2317184.4465,1487089.7569,7.46,20965624.58,84.53,0.0,5359.79,18867561.068662,-1023310.190387,Positive,USDC,136.0,2962503.36,254254.469178,1.0,l1 eth api error: already known,deposit has already been credited.,-,HIP-2,invalid input number,0.0,19.0,0.0,0.0,0.0
54,0xbee95bb47bc4e28bb1fd489a2d0f873fe59172ad,0xbee95bb47bc4e28bb1fd489a2d0f873fe59172ad,24773848.69,739.4295,412.5708,323.32,24767675.5,99.98,0.0,4697.88,2430394.209657,-12722118.958923,Positive,USDC,1954.0,197049.89,-1895.683527,24.0,HIP-2,arbitrum,limit,-,HLP Vault,58.0,117.0,0.0,0.0,0.0
55,0x14a872e2564aa6e4ce108cdb427dbac794590016,0x14a872e2564aa6e4ce108cdb427dbac794590016,24669208.77,24669208.7671,0.0,0.0,0.0,0.0,0.0,0.0,24424932.790869,0.0,Positive,HYPE,3.0,24424720.376544,8141644.263623,1.0,,,,,,0.0,0.0,0.0,0.0,0.0
56,0x67fe021a7e9c8af558d3714e7bc6fa544da6cad4,0x67fe021a7e9c8af558d3714e7bc6fa544da6cad4,24596583.2,24596583.1995,0.0,0.0,0.0,0.0,0.0,0.0,24357454.672019,0.0,Positive,HYPE,3.0,19733688.052243,8119151.55734,1.0,,,,,,0.0,0.0,0.0,0.0,0.0
57,0xcdf9a0cc8174dba1019e4c176c0a179f1d4d1ad3,0xcdf9a0cc8174dba1019e4c176c0a179f1d4d1ad3,23437279.03,23437279.0318,0.0,0.0,0.0,0.0,0.0,0.0,23209421.28516,0.0,Positive,HYPE,2.0,23209400.65866,11604710.64258,1.0,,,,,,0.0,0.0,0.0,0.0,0.0
58,0xb9a2bc88d22e82628acdb2a86fc297a038b3158e,0xb9a2bc88d22e82628acdb2a86fc297a038b3158e,23356508.75,23356508.7521,0.0,0.0,0.0,0.0,0.0,0.0,23129436.25599,0.0,Positive,HYPE,2.0,23129424.223552,11564718.127995,1.0,,,,,,0.0,0.0,0.0,0.0,0.0
59,0x0f991873aab3e14191978946d48f30f624ae9867,0x0f991873aab3e14191978946d48f30f624ae9867,23059050.56,2207874.0,0.3621,7.43,20844770.86,90.4,0.0,6397.89,4616851.359693,-17510285.105084,Positive,USDC,1411.0,1200000.0,-4591.033299,6.0,HIP-2,limit,0x1dad878cfdf4e21d2195011e09356578bb20e532,HLP Vault,arbitrum,8.0,26.0,0.0,0.0,0.0
60,0xcd1a5fb7c3a5ad2a13fce54853b3c3a01396e525,0xcd1a5fb7c3a5ad2a13fce54853b3c3a01396e525,22620999.03,0.0,9.0,32.16,22614801.72,99.97,0.0,6156.16,22120349.8315,0.0,Positive,HYPE,5.0,22120316.724,4424069.9663,1.0,-,,,,,0.0,0.0,0.0,0.0,0.0
61,Galaxy Digital Wallet,0xcac19662ec88d23fa1c81ac0e8570b0cf2ff26b3,22616416.94,22500910.163,0.3237,0.0,0.0,0.0,0.0,0.0,55066155.15189,-30549623.91324,Positive,USDC,2007.0,20607270.60725,22298.221843,1.0,limit,0x8e489d045f2130c9e98426e1d5d2d229753f93ab,0x62bc1fe6009388219dd84f9dca37930f6fb6fa22,,,0.0,4.0,0.0,0.0,0.0
62,0xf02021e26e0bbfef8ffa2cc9cb64305a8ae465b4,0xf02021e26e0bbfef8ffa2cc9cb64305a8ae465b4,22416189.43,0.0001,5066.1204,213.15,22404860.38,99.95,0.0,6049.78,4302517.758312,-16636.788078,Positive,USDC,643.0,1254502.03,13078.934915,0.0,HIP-2,limit,-,deposit has already been credited.,invalid input number,0.0,30.0,0.0,0.0,0.0
63,0x1da722cfa8b0dfda57cf8d787689039c7a63f049,0x1da722cfa8b0dfda57cf8d787689039c7a63f049,22375349.94,416330.4686,29244.3811,624.26,21920336.01,97.97,0.0,7004.67,4725497.2366,-108785148.72035,Positive,ETH-USD,908.0,545658.3126,-114488.91016,2.0,HIP-2,-,limit,HLP Vault,invalid input number,0.0,3.0,0.0,0.0,0.0
64,0xbf49647d017805fcc576ac10f33a788e636f4258,0xbf49647d017805fcc576ac10f33a788e636f4258,21752307.66,0.0,0.3411,67.93,21455094.18,98.63,0.0,5204.12,39989167.440435,-25529674.528504,Positive,USDC,1829.0,1980783.025,18618.887202,62.0,HIP-2,limit,arbitrum,l1 eth api error: already known,-,49.0,59.0,0.0,0.0,0.0
65,0xaefcc9cacbe0e41978bef1818358f471848de9cb,0xaefcc9cacbe0e41978bef1818358f471848de9cb,21243618.83,0.0003,8.4589,7.56,21240065.0,99.98,0.0,3537.81,20869657.639778,-0.541083,Positive,HYPE,12.0,9307000.117625,1739138.091558,1.0,-,invalid nonce: duplicate nonce 1747018915444,invalid nonce: duplicate nonce 1736694491384,0xab4ada40112e0051a5add07f2304d749bb8944fa,,0.0,0.0,0.0,0.0,0.0
66,0xd9225c2b6383f6e532c01c34d7588b1106b9e30b,0xd9225c2b6383f6e532c01c34d7588b1106b9e30b,21078828.94,0.0,0.0042,7.5,21073088.18,99.97,0.0,5733.27,4949262.48265,-6808955.697254,Positive,USDC,1030.0,1189775.23,5358.594413,130.0,HIP-2,arbitrum,HLP Vault,limit,deposit has already been credited.,177.0,62.0,0.0,0.0,0.0
67,0xa2ce501d9c0c5e23d34272f84402cfb7835b3126,0xa2ce501d9c0c5e23d34272f84402cfb7835b3126,21020383.16,0.2919,88.9455,480.48,21015340.35,99.98,0.0,4473.1,89452607.590909,14126226.389684,Positive,USDC,229.0,11616923.20756,535680.882666,8.0,limit,HIP-2,arbitrum,HLP Vault,-,8.0,55.0,0.0,0.0,0.0
68,LEAP Deployer,0x0aadc54a9e78cfe2e971aa8edcedea9c6df01f46,20939404.05,0.0,0.0046,7.52,20933226.84,99.97,0.0,6169.67,0.0,2296545.952459,Negative,HYPE,159.0,33520.86436,14443.685236,0.0,limit,-,deposit has already been credited.,user display name already taken,,0.0,0.0,0.0,0.0,0.0
69,0x18ed0f81334d32027da587f92eab8c53a87eacbd,0x18ed0f81334d32027da587f92eab8c53a87eacbd,20852337.85,0.0,0.0,0.0,20851974.19,100.0,0.0,363.66,0.0,0.0,Negative,-,2.0,0.0,0.0,0.0,-,,,,,0.0,0.0,0.0,0.0,0.0
70,0x372c7f69d0ecc14f73f89bd8a7dfb41bdf29857c,0x372c7f69d0ecc14f73f89bd8a7dfb41bdf29857c,20836554.92,0.089,0.0039,0.0,20835471.85,99.99,0.0,1082.98,0.0,-33559.569186,Positive,-,35.0,3028.88,-958.844834,0.0,-,deposit has already been credited.,limit,invalid nonce: duplicate nonce 1747391439737,,0.0,0.0,0.0,0.0,0.0
71,0xa9ff08af55b24bb5d064d776a078e8a292b8dfe2,0xa9ff08af55b24bb5d064d776a078e8a292b8dfe2,20822900.92,416724.4526,0.0086,31.02,20391504.43,97.93,0.0,3503.11,0.0,-257.083152,Positive,MAVIA,43.0,107.954658,-5.978678,0.0,deposit has already been credited.,limit,-,deposit causes leader share to drop below 5%.,cannot switch leverage type with open position.,0.0,0.0,0.0,0.0,0.0
72,0x156115e100141e9330620c253225cc5ee598a31a,0x156115e100141e9330620c253225cc5ee598a31a,20056498.67,14234159.9704,1498213.9738,273.98,4320145.68,21.54,0.0,3705.07,17346449.370586,-9050738.456106,Positive,HYPE,1487.0,14341243.08056,7950.183547,6.0,HIP-2,limit,arbitrum,SIX Deployer,0xe4cb8fb856a3cba209ea8e19dfea979f335d143d,4.0,4.0,0.0,0.0,0.0
73,0x77375a8c9d13bf79afb2a87f1b0ac1dfd5f5bf66,0x77375a8c9d13bf79afb2a87f1b0ac1dfd5f5bf66,19953956.25,7218700.3141,121455.4758,364.69,12454931.58,62.42,0.0,3980.55,380477.773362,-463780.826014,Positive,FARTCOIN-USD,144.0,99067.73856,-578.493421,0.0,HIP-2,l1 eth api error: already known,trigger,"l1 eth api error: nonce too low: next nonce 100, tx nonce 99","l1 eth api error: nonce too low: next nonce 98, tx nonce 97",0.0,0.0,0.0,0.0,0.0
74,0xe867fbdad3291530e41530301ecb77693850c78e,0xe867fbdad3291530e41530301ecb77693850c78e,19879904.29,0.0,0.0007,6.8,18560079.22,93.36,0.0,1831.2,15452719.903873,-11171381.290649,Positive,USDC,1118.0,2000000.0,15700.275515,11.0,HIP-2,limit,arbitrum,deposit has already been credited.,-,11.0,28.0,0.0,0.0,0.0
75,0xb952a94e9a9a63b393946dea15e1d86d22656331,0xb952a94e9a9a63b393946dea15e1d86d22656331,19288356.35,19288356.3539,0.0,0.0,0.0,0.0,0.0,0.0,19089953.62937,0.0,Positive,HYPE,3.0,19089933.01462,6363317.876457,1.0,invalid nonce: duplicate nonce 1740009725568,,,,,0.0,0.0,0.0,0.0,0.0
76,0x9f3b90f03dbe29c31ed1d05d7f6515248b9de2cf,0x9f3b90f03dbe29c31ed1d05d7f6515248b9de2cf,19254501.86,19254501.8596,0.0,0.0,0.0,0.0,0.0,0.0,19199268.459699,0.0,Positive,HYPE,3.0,19199165.444219,6399756.153233,1.0,,,,,,0.0,0.0,0.0,0.0,0.0
77,0x34a15fb11242f63765bcaf05a5925dcb407770a2,0x34a15fb11242f63765bcaf05a5925dcb407770a2,19083031.06,4.1658,0.0,0.0,19082864.2,100.0,0.0,162.69,18880329.573215,0.0,Positive,HYPE,5.0,9791276.48247,3776065.914643,1.0,-,insufficient usdc balance for token transfer gas.,,,,0.0,0.0,0.0,0.0,0.0
78,0x9abe126127818c6440db88cf32a222e47193e0b0,0x9abe126127818c6440db88cf32a222e47193e0b0,18234232.34,0.0,18.0082,6.49,18229125.63,99.97,0.0,5082.22,17967690.322955,0.0,Positive,HYPE,4.0,17967672.314747,4491922.580739,1.0,-,,,,,0.0,0.0,0.0,0.0,0.0
79,0xa0d66bab5f04cb3055cc2f6b0494cb33be32c2c2,0xa0d66bab5f04cb3055cc2f6b0494cb33be32c2c2,18223454.2,6004879.4613,2.2408,2.98,8411841.65,46.16,0.0,1927.63,12804449.546323,768862.979479,Positive,USDC,1224.0,2173440.0,19310.985037,0.0,limit,HIP-2,deposit has already been credited.,-,HLP Vault,0.0,15.0,0.0,0.0,0.0
80,0x807a2e2e469df84b299da5f90f15dda4380daca1,0x807a2e2e469df84b299da5f90f15dda4380daca1,18132976.16,7082300.0528,0.008,9.9,11047813.51,60.93,0.0,2852.69,11504552.712835,-35795905.597683,Positive,USDC,1735.0,4000000.0,1310.706089,4.0,HIP-2,limit,insufficient balance for withdrawal.,arbitrum,deposit has already been credited.,4.0,6.0,0.0,0.0,0.0
81,0x9e875bd28ee5001478c16cb0c8329116a3c3e816,0x9e875bd28ee5001478c16cb0c8329116a3c3e816,17969286.04,17951057.8404,13228.1982,0.0,0.0,0.0,0.0,0.0,16733881.756131,11215394.298016,Positive,USDC,296.0,1499999.83,148089.433865,0.0,limit,deposit has already been credited.,HIP-2,HyperEVM,invalid nonce: duplicate nonce 1749018870608,0.0,21.0,0.0,0.0,0.0
82,0x7be1cba648ebe1ab8084244d23f28d68a86480d8,0x7be1cba648ebe1ab8084244d23f28d68a86480d8,17932741.95,13356054.4252,395326.7806,1.48,4180994.52,23.31,0.0,364.74,14.833723,-13.357683,Positive,LICKO,1969.0,13.357728,0.00075,0.0,HIP-2,limit,deposit has already been credited.,0xb190a3c22329da0c078679563d85421f47e7b52e,arbitrum,6.0,11.0,0.0,0.0,0.0
83,0xa69e24a291687a7cc0bb1d8bc09ba74e667d4d9e,0xa69e24a291687a7cc0bb1d8bc09ba74e667d4d9e,17824583.21,8339143.2833,0.1156,3.37,9482682.11,53.2,0.0,2754.34,17561387.861,-3165400.135432,Positive,HYPE,128.0,17520837.5,112468.693168,1.0,limit,-,HIP-2,0xa59963a565d622c4bfc00e57a4add8871561490c,,0.0,1.0,0.0,0.0,0.0
84,0x97f8219e401f07752a60ddb0a75efda96d1389d9,0x97f8219e401f07752a60ddb0a75efda96d1389d9,17259495.79,17257115.6473,0.1382,35.92,0.0,0.0,0.0,2344.09,21280218.825264,-14484116.537663,Positive,USDC,493.0,17077949.520371,18507.63823,0.0,limit,-,deposit has already been credited.,HyperEVM,referrer already set,0.0,10.0,0.0,0.0,0.0
85,0x518c447fa619f07e720a97a745e630c40b36083e,0x518c447fa619f07e720a97a745e630c40b36083e,16944766.17,0.0,273.9777,6.03,16939850.77,99.97,0.0,4635.4,16573155.941935,0.0,Positive,HYPE,5.0,16572840.738715,3314631.188387,1.0,-,,,,,0.0,0.0,0.0,0.0,0.0
86,0x25cd302e37a69d70a6ef645daea5a7de38c66e2a,0x25cd302e37a69d70a6ef645daea5a7de38c66e2a,16925658.07,15927389.1733,0.1099,237.77,0.0,0.0,0.0,0.0,11334173.767178,-32191158.396425,Positive,USDC,1746.0,4414389.516,-8727.056689,2.0,HIP-2,limit,trigger,0xa87b8eca56d734bfc516c1cc32343b861aa944a8,deposit has already been credited.,0.0,7.0,0.0,0.0,0.0
87,0x8196e0648cb16e9151c2920618a58605706b5836,0x8196e0648cb16e9151c2920618a58605706b5836,16860276.11,0.0,0.004,1594.02,16854099.54,99.96,0.01,4582.54,10227447.312584,-20317348.109927,Positive,USDC,498.0,2719351.85,11412.139182,9.0,limit,arbitrum,HIP-2,HLP Vault,0x4eb02d60b1e0b33047d47db687627ae3b71f2416,12.0,8.0,0.0,0.0,0.0
88,0x0e41eb80e9a39ae7b887a94f6a88f6c791e26359,0x0e41eb80e9a39ae7b887a94f6a88f6c791e26359,16813355.37,333030.7153,54.4798,7.44,14658085.64,87.18,0.0,1866.24,0.0,-1547853.0,Positive,-,62.0,366900.0,-24965.370968,0.0,limit,-,deposit has already been credited.,,,0.0,0.0,0.0,0.0,0.0
89,0x8bff50aad8b4e06c5e148eaeb9d7aef69e26cdc3,0x8bff50aad8b4e06c5e148eaeb9d7aef69e26cdc3,16735299.06,4165800.4133,0.0031,3.91,10225346.9,61.1,0.0,1576.56,272965630.786951,-274471820.724629,Positive,USDC,643.0,9174307.21,271243.449133,114.0,arbitrum,limit,0x200000000000000000000000000000000000010c,HIP-2,HyperEVM,113.0,155.0,0.0,0.0,0.0
90,CZ Deployer,0xf517639a8872e756ac98d3c65507d2ebc25cc032,16704484.87,212286.448,6.006,56.46,16301461.25,97.59,0.0,4053.46,31508916.950264,-58469912.164974,Positive,USDC,3379.0,4063996.2,-6197.499957,72.0,HIP-2,limit,0x21d0033a7f8ad6ced9a02e50d5852e098f59d808,arbitrum,HyperEVM,38.0,23.0,0.0,0.0,0.0
91,0xdaaeb593f0ca48772902be38a8a3928917dc97df,0xdaaeb593f0ca48772902be38a8a3928917dc97df,16308802.19,16308802.1859,0.0,0.0,0.0,0.0,0.0,0.0,16138111.376153,0.0,Positive,HYPE,3.0,16138047.069833,5379370.458718,1.0,,,,,,0.0,0.0,0.0,0.0,0.0
92,PVP Deployer,0x0cbf655b0d22ae71fba3a674b0e1c0c7e7f975af,16264953.19,45.8238,0.0812,6.8,16260320.73,99.97,0.0,3579.76,14292391.233528,1844234.61863,Positive,USDC,1674.0,888055.3,14906.492044,0.0,limit,-,HLP Vault,error placing new order during modify: insufficient spot balance,0x30dbe8b29225744bd620a1ec6164ee9ece9c6b1f,0.0,2.0,0.0,0.0,0.0
93,0x00f5da329d61371ffa39680b4d226bcba46e406e,0x00f5da329d61371ffa39680b4d226bcba46e406e,16082696.15,0.0,224.0567,5.72,16078066.79,99.97,0.0,4399.58,15726747.706139,0.0,Positive,HYPE,5.0,15726523.649459,3145349.541228,1.0,-,,,,,0.0,0.0,0.0,0.0,0.0
94,0x2058bcf5cecbac4ac91393fe18655ea338979797,0x2058bcf5cecbac4ac91393fe18655ea338979797,16039173.84,0.0001,129.4387,5.7,16034649.84,99.97,0.0,4388.86,15684327.770089,0.0,Positive,HYPE,8.0,6804783.248265,1960540.971261,1.0,-,,,,,0.0,0.0,0.0,0.0,0.0
95,0x03b3e2069830dd3bd1a5b5e45dad60a770227ed7,0x03b3e2069830dd3bd1a5b5e45dad60a770227ed7,15687942.36,15687942.3585,0.0046,0.0,0.0,0.0,0.0,0.0,172448457.418793,-161026560.504392,Positive,HYPE,526.0,41217500.0,33419.311498,15.0,0x9b4da8243fced2f6b0ea59c098ccc6724f309ea0,limit,HLP Vault,arbitrum,HIP-2,15.0,11.0,0.0,0.0,0.0
96,0xee5c571813227fe7bbeef6fdd9f3e0592aca4799,0xee5c571813227fe7bbeef6fdd9f3e0592aca4799,14929114.11,14929114.1092,0.0,0.0,0.0,0.0,0.0,0.0,0.0,0.0,Negative,-,1393.0,0.0,0.0,0.0,limit,deposit has already been credited.,invalid nonce: duplicate nonce 1734732196295,,,0.0,25.0,0.0,0.0,0.0
97,0xea8f34a15f523523728291aa7ac4d758da013dc1,0xea8f34a15f523523728291aa7ac4d758da013dc1,14755273.49,0.0001,106.9787,5.25,14751101.71,99.97,0.0,4059.56,0.0,0.0,Negative,-,1.0,0.0,0.0,0.0,-,,,,,0.0,0.0,0.0,0.0,0.0
98,0xeaf97d4ac9d2cdd09df78d00fe9015aa27267af8,0xeaf97d4ac9d2cdd09df78d00fe9015aa27267af8,14675454.57,14675454.5666,0.0,0.0,0.0,0.0,0.0,0.0,14523443.940947,0.0,Positive,HYPE,3.0,14523332.629397,4841147.980316,1.0,,,,,,0.0,0.0,0.0,0.0,0.0
99,0x0b40f443a5db715151848d9f556a8c644feb8474,0x0b40f443a5db715151848d9f556a8c644feb8474,14580372.43,14580330.0554,42.3766,0.0,0.0,0.0,0.0,0.0,16490029.743013,-2061223.09931,Positive,HYPE,5.0,16490029.743013,2885761.328741,2.0,0xb72c031fce92dd6627685c4edd225342eb2edd5f,HIP-2,insufficient usdc balance for token transfer gas.,,,0.0,0.0,0.0,0.0,0.0
100,0x3c238634776662eae51dbb98ff7b624eb4cb5789,0x3c238634776662eae51dbb98ff7b624eb4cb5789,14333285.13,0.0,10.2558,5.09,14329348.82,99.97,0.0,3920.95,14016395.952007,0.0,Positive,HYPE,5.0,14016385.696167,2803279.190401,1.0,-,,,,,0.0,0.0,0.0,0.0,0.0
101,,0xa57e1325a11e30c6918573300d73e8142e17f1bd,11750437.05,0.0,0.0,6.11,11748763.36,99.99,0.0,1667.58,,,,,,,,,,,,,,,,,,
