wallet_address,ADHD,ANSEM,ARI,ASI,ATEHUN,AUTIST,BAGS,BEATS,BERA,BID,BIGBEN,BOZO,BUBZ,BUDDY,BUSSY,CAPPY,CAT,CATBAL,CATNIP,CHEF,CHINA,COPE,COZY,CZ,DROP,FARM,FARMED,FATCAT,FEUSD,FLASK,FLY,FRAC,FRIED,FRUDO,FUCKY,FUN,FUND,GENESY,GMEOW,GPT,GUP,H,HBOOST,HFUN,HODL,HOP,HOPE,HPEPE,HPUMP,HPYH,HWTR,HYENA,HYPE,ILIENS,JEET,JEFF,JPEG,KOBE,LADY,LAUNCH,LICK,LICKO,LIQD,LIQUID,LORA,LQNA,LUCKY,MAGA,MANLET,MBAPPE,MEOW,MOG,MONAD,MUNCH,NASDAQ,NEIRO,NEKO,NFT,NMTD,NOCEX,OMNIX,PANDA,PEAR,PEPE,PIGEON,PILL,PIP,POINTS,PURR,PURRPS,RAGE,RANK,RAT,RETARD,RICH,RIP,RISE,RUG,SCHIZO,SELL,SENT,SPH,STACK,STAR,STEEL,STRICT,SUCKY,SYLVI,TATE,TEST,TIME,TJIF,TRUMP,UBTC,UETH,UFART,UP,USDC,USDE,USDHL,USDT0,USDXL,USOL,VAPOR,VAULT,VEGAS,WAGMI,WASH,WHYPI,WOW,XAUT0,XULIAN,YAP,YEETI
0x43e9abea1910387c4292bca4b94de81462f8a251,0,0,0,0,0,0,0,0,185215.411355,0,0,0,0,0,0,0,0,0,0,0,0,0,0,0,0,0,0,0,0,0,0,0,0,0,0,0,0,0,0,0,0,0,0,0,0,0,0,0,0,0,0,0,150000.0,0,0,0,0,0,0,0,0,5851049.5914941402,0,0,0,0,0,0,0,0,4935859.7182339998,0,0,21643767.1911300011,0,1144061.694811,0,0,0,0,0,0,516539.166173,0,0,0,0,0,0,0,0,0,0,0,0,0,0,0,0,0,0,0,0,0,0,0,0,0,0,0,0,0,0,0,0,0,0,0.0030946,0,0,0,0,0,0,193698.28783771,0,0,0,0,2429485.7047700002,0,0,0,0
0xd57ecca444a9acb7208d286be439de12dd09de5d,0,0,0,0,0,0,0,0,46683.941964,0,0,0,0,0,0,0,0,0,0,0,0,0,0,0,0,0,0,0,0,0,0,0,0,0,0,0,0,0,0,0,0,0,0,0,0,0,500000.0,0,0,0,0,0,1.0,0,0,0,0,0,0,0,0,1462887.9304573799,0,0,0,0,0,0,0,0,1244318.6951309999,0,0,5456343.8825399997,0,288384.968633,0,0,0,0,0,0,130169.99397,0,0,0,0,0,0,0,0,0,0,0,0,0,0,0,0,0,0,0,0,0,0,0,0,0,0,0,0,0,0,0,0,0,0,0.0030946,0,0,0,0,0,0,48749.50627183,0,0,0,0,612467.75322,0,0,0,0
0xfefefefefefefefefefefefefefefefefefefefe,0,0,0,0,0,0,0,0,7253.90761,0,0,0,0,0,0,0,0,0,0,0,0,0,0,0,0,0,0,0,0,0,0,0,0,0,0,0,0,0,0,0,0,0,0,0,0,0,0,0,0,0,0,0,25948664.2800000012,0,0,0,0,0,0,0,0,0,0,0,0,0,0,0,0,0,193600.310907,0,0,910220.59144,0,44835.08891,0,0,0,0,0,0,20199.817368,0,0,0,0,0,0,0,0,0,0,0,0,0,0,0,0,0,0,0,0,97843.63812127,0,0,0,0,0,0,0,0,0,0,0,0,0,18823.219034,0,0,0,0,0,0,8757.30020193,0,0,0,0,57728.41925,0,0,0,0
0x2222222222222222222222222222222222222222,0,0,0,0,0,0,0,0,0,0,0,0,0,0,0,0,0,0,0,0,0,0,0,0,0,0,0,0,0,0,0,0,0,0,0,0,0,0,0,0,0,0,0,0,0,0,0,0,0,0,0,0,25108149.6627093107,0,0,0,0,0,0,0,0,0,0,0,0,0,0,0,0,0,0,0,0,0,0,0,0,0,0,0,0,0,0,0,0,0,1000.0,0,0,0,0,0,0,0,0,0,0,0,0,0,0,0,0,0,0,0,0,0,0,0,0,0,0,0,0,0,0,0,0,0,0,0,0,0,0,0,0,0,0,0,0,0,0,0
0x77c3ea550d2da44b120e55071f57a108f8dd5e45,0,0,0,0,0,0,0,0,0,0,0,0,0,0,0,0,0,0,0,0,0,0,0,0,0,0,0,0,0,0,0,0,0,0,0,0,0,0,0,0,0,0,0,0,0,0,0,0,0,0,0,0,0.0,0,0,0,0,0,0,0,0,290047.99616008,0,0,0,0,0,0,0,0,0,0,0,0,0,0,3504.42477876,0,0,0,0,0,0,0,0,0,0,0,0,0,0,0,0,0,0,0,0,0,0,0,0,0,0,0,0,0,0,0,0,0,0,0,0,0,0,0,0,41.16984,0,0,0,0,0,0,0,0,0,0,0,0,0,0,0,0
0x716bd8d3337972db99995dda5c4b34d954a61d95,0,0,0,0,0,0,0,0,0,0,0,0,0,0,0,0,0,0,0,0,0,0,0,0,0,0,0,0,0,0,0,0,0,0,0,0,0,0,0,0,0,0,0,0,0,0,0,0,0,0,0,0,4263425.0999999996,0,0,0,0,0,0,0,0,1943.57778752,0,0,0,0,0,0,0,0,0,0,0,0,0,0,0,0,0,0,0,0,0,0,0,0,0,0,1000010.0,0,0,0,0,0,0,0,0,0,0,0,0,0,0,0,0,0,0,0,0,0,0,0,0,0,0,0,0,8.00382134,0,0,0,0,0,0,0,0,0,0,0,0,0,0,0,0
0x9794bbbc222b6b93c1417d01aa1ff06d42e5333b,0,0,0,0,0.0,0,0,0,0,0,0,0,0,0,0,0,0,0,0,0,0,0,0,0,0,0,0,0,0,0,0,0,0,0,0,0,0,0,0,0,0,0,0,0,0,0,0,0,0,0,0,0,560781.99800298,0,0,0.95108,0,0,0,1.0,0,81734.96085658,0,0,0,0,0,0,0,0,0,0,0,0,0,0,0,0,0,0,0,0,0,0,0,0,0,0,4421930.9932300001,0,0,0,0,0,0,0,0,0,0,0,0,0,0,0,0,0,0,0,0,0,0,0,0,0,0,0,0.1099104,0.26049649,0,0,0,0,0,0,2871.65243059,0,0,0,0,0,0,0,0,0
0xfae95f601f3a25ace60d19dbb929f2a5c57e3571,0,5486.5149,771716.47120463,333241.6698125,5.0,0,21780084.1915200017,0,1947.868993,280726481.2097700238,22001.05077084,16089.5274088,0,0,0,0,0,0,0,0,0,6505.48790772,0,5575.3275078,0,0,522950.2127578,696.69696969,0,0,0,0,0,0,0,30205.056664,0,0,0,33296516.9679572992,19991.70377094,0,0,374240.10126813,33398.79620448,0,0,99732.58879,0,0,0,0,0.00003,996009.96847,808382.92177,0.8302,0,178918.92292,0,1.0,0,81533.56423604,0,0,0,15.0,0,122893.5636437,0,40540.9851621,52206.766269,12313846.1796758603,27191.70097891,228926.93879,0,12060.959032,0,0,0,0,12383632.6623550002,0,5401.301126,0,0,0,0.99965003,0,0,9991448.6099900007,0,0,0,7013.24984955,0,0,0,0,127090.80659489,3341680.6074100002,1975.0,0,0,14241.45295558,6934.28368423,23152696.3568300009,0,0,5473.23187,414917.17541,0,0,0,0,0,0,0,747.04787711,0,0,0,0,0,0,2065.41545455,0,0,0,0,3565.46755,0,2447761.3063099999,6882.18779083,0
0xa20fcfa0507fe762011962cc581b95bbbc3bbdba,0,0,0,0,0,0,0,0,2322.741091,0,0,0,0,0,0,0,0,0,0,0,0,0,0,0,0,0,0,0,0,0,0,0,0,0,0,0,0,0,0,0,0,0,0,0,0,0,0,0,0,0,0,0,0.0,0,0,0,0,0,0,1.0,0,73775.69501873,0,0,0,0,0,0,0,0,62196.232715,0,0,272730.80057,0,14376.454209,0,0,0,0,0,0,6446.817609,0,0,0,0,0,0,0,0,0,0,0,0,0,0,0,0,0,0,0,0,0,0,0,0,0,0,0,0,0,0,0,0,0,0,0.0155586,0,0,0,0,0,0,2440.77145376,0,0,0,0,30613.69009,0,0,0,0
0x51156f7002c4f74f4956c9e0f2b7bfb6e9dbfac2,0,0,0,0,0,0,0,0,0,0,0,0,0,0,0,0,0,0,0,0,0,0,0,0,0,0,0,156.38425486,0,0,0,0,0,0,0,0,0,0,0,0,0,0,0,0,0,0,0,0,0,0,0,0,0.00000037,0,0,0,0,0,0,1.0,0,63613.24494999,0,0,0,0,0,0,0,0,0,0,0,196343.62922,0,0,3504.42477876,0,0,0,0,0,0,0,0,0,0,0,2621010.4010399999,0,0,0,0,0,0,0,0,0,0,0,0,0,0,0,0,0,0,0,0,0,0,0,0,0.2391201639,0,0,0,137345.37968526,0,0,0,0,0,0,1870.03470966,0,0,0,0,0,0,0,0,0
0xfdc5a81605d8b926947d2e865f74025dd53ac314,0,0,0,0,0,0,0,0,0,0,0,0,0,0,0,0,0,0,0,0,0,0,0,0,0,0,0,0,0,0,0,0,0,0,0,0,0,0,0,0,0,0,0,0,0,0,0,0,0,0,0,0,0.00008481,0,0,0,0,0,0,0,0,0,0,0,0,0,0,0,0,0,0,0,0,0,0,0,0,0,0,0,0,0,0,0,0,0,0,0,0,0,0,0,0,0,0,0,0,0,0,0,0,0,0,0,0,0,0,0,0,0,0,0,0,0,0,0,0,37.81703954,0,0,0,0,0,0,0,0,0,0,0,0,0,0,0,0
0xa350d83fdcc7ac81dfaedea1a87108401ccb015f,0,0,0,0,0,0,0,0,0,0,0,0,0,0,0,0,0,0,0,0,0,0,0,0,0,0,0,0,0,0,0,0,0,0,0,0,0,0,0,0,0,0,0,0,0,0,0,0,0,0,0,0,2329909.5440000002,0,0,0,0,0,0,0,0,0,0,0,0,0,0,0,0,0,0,0,0,0,0,0,0,0,0,0,0,0,0,0,0,0,0,0,0,0,0,0,0,0,0,0,0,0,0,0,0,0,0,0,0,0,0,0,0,0,0,0,0,0,0,0,0,0,0,0,0,0,0,0,0,0,0,0,0,0,0,0,0,0
0x0d0707963952f2fba59dd06f2b425ace40b492fe,0,0,0,0,0,0,0,0,0,0,0,0,0,0,0,0,0,0,0,0,0,0,0,0,0,0,0,0,0,0,0,0,0,0,0,0,0,0,0,0,0,0,0,100.87751483,0,0,0,0,0,0,0,0,1857749.70425497,0,0,0,0,0,0,0,0,12598.79587084,0,0,0,0,0,0,0,0,0,0,0,0,0,0,0,0,0,0,0,0,0,0,0,0,0,0,7794338.9923599996,0,0,0,0,0,0,0,0,0,0,0,1975.0,0,0,2998.65637899,0,0,0,0,0,0,0,0,0,0,0,0,0,68131.0,0,0,0,0,0,0,0,0,0,0,4488.0,0,0,0,0,0
0xc4ff1b50648213bdb064bea8c9e25bfa0606f93a,0,0,0,0,0,0,0,0,0,0,0,0,0,0,0,0,0,0,0,0,0,0,0,0,0,0,0,0,0,0,0,0,0,0,0,0,0,0,0,0,0,0,0,0,0,0,0,0,0,0,0,0,1869900.7731413001,0,0,0,0,0,0,0,0,0,0,0,0,0,0,0,0,0,0,0,0,0,0,0,0,0,0,0,0,0,0,0,0,0,0,0,0,0,0,0,0,0,0,0,0,0,0,0,0,0,0,0,0,0,0,0,0,0,0,0,0,0,0,0,0,0,0,0,0,0,0,0,0,0,0,0,0,0,0,0,0,0
0x7f0269d7438a27811e6fa0fc33b51a79ea79be9e,0,0,0,0,0,0,0,0,0,0,0,0,0,0,0,0,0,0,0,0,0,0,0,0,0,0,0,0,0,0,0,0,0,0,0,0,0,0,0,0,0,0,0,0,0,0,0,0,0,0,0,0,1867882.0160000001,0,0,0,0,0,0,0,0,0,0,0,0,0,0,0,0,0,0,0,0,0,0,0,0,0,0,0,0,0,0,0,0,0,0,0,0,0,0,0,0,0,0,0,0,0,0,0,0,0,0,0,0,0,0,0,0,0,0,0,0,0,0,0,0,0,0,0,0,0,0,0,0,0,0,0,0,0,0,0,0,0
0xbde2ddc49a2e6827300faa6afc93d572114a60b1,0,0,0,0,0,0,0,0,0,0,0,0,0,0,0,0,0,0,0,0,0,0,0,0,0,0,0,0,0,0,0,0,0,0,0,0,0,0,0,0,0,0,0,0,0,0,0,0,0,0,0,0,112595.85413,0,0,0,0,0,0,1.0,0,41166.33172289,0,0,0,0,0,0,0,0,0,0,0,0,0,0,0,0,0,0,0,0,0,0,0,0,0,0,0,0,0,0,0,0,0,0,0,0,0,0,0,0,0,0,0,0,0,0,0,0,0,0,0,0.000009961,0,0,0,0.00331598,0,0,0,0,0,0,0,0,0,0,0,0,0,0,0,0
0xcfdb74a8c080bb7b4360ed6fe21f895c653efff4,0,0,0,0,0,0,0,0,645.542447,0,0,0,0,0,0,0,0,0,0,0,0,0,0,0,0,0,0,0,0,0,0,0,0,0,0,0,0,0,0,0,0,0,0,0.05315533,0,0,0,0,0,0,0,0,251020.04438619,0,0,0,0,0,0,1.0,0,32180.74876063,0,0,0,0,0,0,0,0,17502.803489,0,0,123882.27277,0,4016.799828,0,0,0,0,0,0,1769.118638,0,0,0,0,0,0,0,0,0,0,0,0,0,0,0,0,0,1975.0,0,0,5686.66198388,0,0,0,0,0,0,0,0,0,0,0,0,0,0.0087453,0,0,0,0,0,0,1521.44701792,0,0,0,0,0,0,0,0,0
0xbdfa4f4492dd7b7cf211209c4791af8d52bf5c50,185491.1641,589.55375,175835.79391046,67236.5028116,0,0,1085363.4393199999,0,0.424867,49652620.566809997,0,383.3676333,0,0,0,0,0,1641.7334748,44333.73488927,685.03017297,0,1116.00111419,0,1177.6114649,0,315.51952958,0,1884.29671659,0.0,0,0,0,0,0,0,0,0,0,1723615.72765894,5889217.5630016997,3535.93424232,0,0,2773.33621111,5907.27893726,0,200000.0,29900.26107,0,599.95994226,0,203.30420184,57019.13278086,508036.58157,62098.55354,3212.47436,125000.0,0,0,1.0,2526015.7063500001,36730.9950867,367791.13629088,8903.82954537,0,15.0,1157727.2518800001,14628.4762066,0,11723.6859961,142018.670255,565378.97016922,707961.4318933,11478855.1593999993,2116.20966662,178364.960565,16218.37798945,0,0,0,479866.648098,1047717.21879,369274.698216,59277.419923,0,50147.67501506,957.97173417,137475.36293,0,1767204.93836,0.02,0,30.555941,190.33833109,489.30302469,0,0,116897.01264,3450.20509932,705379.11546,3322379.6794545799,0,0,5581.02922714,188.19567639,185763.86605,0,3513.91997934,0,0,8333.333333,0,82117.5784221,17.83313984,0,0,5090.1408831,152018.78127039,0,0,0,0,0,0,5324.68892755,17370.68754056,0,0,0,26244.84778,0,673781.6309099999,1356.34234052,726970.94888
0x493db0ed7514c975e9abcc110bd40c473b6763e3,0,0,0,0,0,0,0,0,1231.766796,0,0,0,0,0,0,0,0,0,0,0,0,0,0,0,0,0,0,0,0,0,0,0,0,0,0,0,0,0,0,0,0,0,0,0,0,0,0,0,0,0,0,0,1368198.92180006,0,0,0,46052.63157894,0,0,1.0,0,3664.86604595,0,0,0,0,0,0,0,0,33124.314129,0,0,145250.28794,0,7637.767248,0,0,0,0,0,0,3404.095535,0,0,0,0,0,0,0,0,0,0,0,0,0,0,0,0,0,6000.0,0,0,11277.48859655,0,0,0,0,0,0,8333.333333,0,0,0,0,0,0,52.62775112,0,0,0,0,0,0,1299.89995834,0,0,0,0,0,0,0,0,0
0x4e14fc11f58b64740e66e4b1aa188a4b007c0eab,445793.21944,1564.54377,520274.59061818,190170.9198268,5.0,0,2809083.12659,0,40836.641728,145241899.8443199992,43567.96304911,1431.8682194,0,0,0,0,0,15.0,129683.30390233,0,0,178.9712505,0,4685.9009535,0,0,0,0,0,0,0,0,0,0,925486.75938639,26688.244149,0,0,5459103.4012529096,17226908.4226078987,10343.17627584,0,0,10320.6140818,17279.74084678,0,509690.33427,88916.67566,0,0,0,0.82983372,1495955.8237713899,3262339.0875599999,353514.91511,12225.52965,0,48650.2951,0,1.0,7502552.0334700001,20379.93084094,0,0,0,15.0,3587910.6754299998,96744.8113024,6090.58524,34688.8184511,441281.613874,2930528.0908942302,2564.74144406,404060.35382,0,605482.1835470001,0,0,0,0,1753252.0725469999,44213.09475,783435.519473,26564.2011841,0,201325.62457305,0,785955.92274,10480194.2886599991,5169358.6306499997,492602.87350865,0,0,192.93963249,0,0,0,439724.55105,3497.3444327,2963173.9556399998,8824.0,0,0,11649.63250824,190.76769471,679686.66971,78876.44826,0,1561.2061,55010.40871,0,0,13258.0208518,0,0,0,14042.5008051,0.02009081,0,0,0,0,0,10312614.7266700007,11171.98902249,65811.51162413,1304485.2267370501,0,0,98678.48864,0,3545268.3187699998,189.33449499,731728.61636
0x5b5d51203a0f9079f8aeb098a6523a13f298c060,0,0,0,0,0,0,0,0,0,0,0,0,0,0,0,0,0,0,0,0,0,0,0,0,0,0,0,0,0,0,0,0,0,0,0,0,18.69,0,0,0,0,0,0,0,0,0,0,0,0,0,0,0,304302.81958587,0,0,0,0,0,0,0,0,35585.49249208,0,0,0,0,0,0,0,0,0,0,0,0,0,0,0,0,0,0,0,0,0,0,0,0,0,0,0,0,0,0,0,0,0,0,0,0,0,0,0,0,0,0,0,0,0,0,0,0,0,0,0,0.0,0,0,0,811187.59816639,0,0,0,0,0,0,0,0,0,0,0,0,0,0,0,0
0x1ab4973a48dc892cd9971ece8e01dcc7688f8f23,0,0,0,0,0,0,0,0,0,0,0,0,0,0,0,0,0,0,0,0,0,0,0,0,0,85349.27032608,0,0,0,0,0,0,0,0,0,0,0,0,0,0,0,0,0,0,0,0,0,0,0,0,0,0,1334468.75215511,0,0,0,0,0,0,1.0,0,0,0,0,0,0,0,0,0,0,0,0,0,0,0,0,0,0,0,0,0,0,0,0,0,0,0,0,0,0,0,0,0,0,0,0,0,0,0,0,0,0,0,9327.79919102,0,0,0,0,0,0,0,0,0,0,0,0,0,5783.93424917,0,0,0,0,0,0,0,0,0,0,0,0,0,0,0,0
0xb2833d8822baa7b4e6418c0d891ec94db31adf5a,0,0,0,0,0,0,0,0,0,0,0,0,0,0,0,0,0,0,0,0,0,0,0,0,0,0,0,0,0,0,0,0,0,0,0,0,0,0,0,0,0,0,0,0,0,0,0,0,0,0,0,0,1318521.3479130799,0,0,0,0,0,0,0,0,0,0,0,0,0,0,0,0,0,0,0,0,0,0,0,0,0,0,0,0,0,0,0,0,0,0,0,0,0,0,0,0,0,0,0,0,0,0,0,0,0,0,0,0,0,0,0,0,0,0,0,0,0,0,0,0,0,0,0,0,0,0,0,0,0,0,0,0,0,0,0,0,0
0xd22fd233a6ed7b6a19c659fb4f05fefa4f0c7043,0,0,0,0,0,0,0,0,0,0,0,0,0,0,0,0,0,0,0,0,0,0,0,0,0,0,0,0,0,0,0,0,0,0,0,0,0,0,0,0,0,0,0,0,0,0,0,0,0,0,0,0,1282394.03,0,0,0,0,0,0,0,0,0,0,0,0,0,0,0,0,0,0,0,0,0,0,0,0,0,0,0,0,0,0,0,0,0,0,0,0,0,0,0,0,0,0,0,0,0,0,0,0,0,0,0,0,0,0,0,0,0,0,0,0,0,0,0,0,0,0,0,0,0,0,0,0,0,0,0,0,0,0,0,0,0
0x656c8da58d738295e03550796dd83900aa7c6525,0,0,0,0,0,0,0,0,567.459857,0,0,0,0,0,0,0,0,0,0,0,0,0,0,0,0,0,0,0,0.0,0,0,0,0,0,0,0,0,0,0,0,0,0,0,0,0,0,0,0,0,0,0,0,0.9999807,0,0,0,125000.0,0,0,1.0,0,32404.08994034,0,0,0,0,0,0,0,0,21717.657816,0,0,124450.23363,0,4.315925,0,0,0,0,0,0,2874.427192,0,0,0,0,0,0,0,0,0,0,0,0,0,0,0,0,0,6000.0,0,0,0,0,0,0,0,0,0,8333.333333,0,0,0,0,0,0,0.00000007,0,0,0,0,0,0,1113.75237793,0,0,0,0,747.10378,0,0,0,0
0xc764acfc6724434fb7a76f1c09db9b42481a443c,0,0,0,0,0,0,0,0,0,0,0,0,0,0,0,0,0,0,0,0,0,0,0,0,0,0,0,0,0,0,0,0,0,0,0,0,0,0,0,0,0,0,0,0,0,0,0,0,0,0,0,0,1104112.0,0,0,0,0,0,0,0,0,0,0,0,0,0,0,0,0,0,0,0,0,0,0,0,0,0,0,0,0,0,0,0,0,0,0,0,0,0,0,0,0,0,0,0,0,0,0,0,0,0,0,0,0,0,0,0,0,0,0,0,0,0,0,0,0,0,0,0,0,0,0,0,0,0,0,0,0,0,0,0,0,0
0x4a207d289fd49e60502451099771127bcf35b961,0,0,0,0,0,0,0,0,0,0,0,0,0,0,0,0,0,0,0,0,0,0,0,0,0,0,0,0,0,0,0,0,0,0,0,0,0,0,0,0,0,0,0,0,0,0,0,0,0,0,0,0,588577.07146588,0,0,0.38449,0,0,0,0.0,0,12156.72876636,0,0,0,0,0,0,0,0,0,0,0,0,0,0,3504.42477876,0,0,0,0,0,0,0,0,0,0,0,0,0,0,0,0,0,0,0,0,0,0,0,0,0,0,0,0,0,0,0,0,0,0,0,0,0,0.001115497,0,0,0.0032442,0,0,0,0,0,0,0,0,0,0,0,0,0,0,0,0
0x03b9a189e2480d1e4c3007080b29f362282130fa,26413.19005,0,26121.51742064,0,0,0,0,0,2497.964362,7376210.2941100001,0,81.9212173,0,0,0,0,0,0,6586.05624303,0,0,4.93890347,0,235.6542208,0,0,0,0,0,0,0,0,0,0,0,0,0,0,305595.66364104,874880.4537729,0,0,0,266.24546875,0,0,0,0,0,0,0,0,106041.69787904,193288.70626,0,527.84941,66666.67333332,0,0,1.0,593710.30272,24121.63639449,0,0,0,15.0,148405.49676,2883.0054658,0,1741.6275786,39307.964201,0,77.71447471,102291.30646,0,30498.056636,0,0,0,0,69398.608337,0,35444.846513,0,0,11571.84586854,0,47664.7429,446803.7113,0,0,0,0,5.32437594,0,0,0,25323.09027,97.48537195,140997.83464,1975.0,0,0,8205.95997609,5.26443899,17365.34758,0,0,0,0,0,0,0,0,0,0,597.6004598,58215.16200023,0,0,0,0,0,523733.26834,1286.08114841,3524.33196365,0,0,0,16216.42358,0,208012.74898,5.22488831,18789.58267
0x7dacca323e44f168494c779bb5e7483c468ef410,0,0,13275.09770026,0,0,0,0,0,4684.397719,3748630.324,0,0,0,0,0,0,0,0,3347.06972331,0,0,0,0,0,0,0,0,0,0,0,0,0,0,0,0,0,0,0,0,444619.0208961,0,0,0,146.30613255,0,0,0,0,0,0,0,0,1061527.09751974,0,0,0,0,0,0,1.0,0,170.64380332,0,0,0,0,72460.79385,0,0,885.1046396,55633.815217,0,0,93592.98925,0,66890.142277,0,0,0,0,31203.446461,0,84928.71435,0,0,0,0,0,88347.00173,0,0,0,0,0,0,0,0,0,0,0,1975.0,0,0,8048.27854982,0,0,0,0,0,0,0,0,0,0,0,0,303.7038148,3351788.42230298,0,0,0,0,0,266164.10502,989.58658534,1338.56281947,0,0,0,4506.47921,0,0,0,0
0x82d8dc80190e6bc1d92b048f9fc7e85e5e1e32ff,0,0,0,0,0,0,0,0,0,0,0,0,0,0,0,0,0,0,0,0,0,0,0,0,0,0,0,0,0,0,0,0,0,0,0,0,0,0,0,0,0,0,0,0,0,0,0,0,0,0,0,0,1050066.8962109,0,0,0,0,0,0,1.0,0,0,0,0,0,0,0,0,0,0,0,0,0,0,0,0,0,0,0,0,0,0,0,0,0,0,0,0,0,0,0,0,0,0,0,0,0,0,0,0,0,0,0,11256.29385548,0,0,0,0,0,0,0,0,0,0,0,0,0,0.00725871,0,0,0,0,0,0,832.72395502,0,0,0,0,0,0,0,0,0
0x1419e75330c71ce463102e6a1eb62fe80b412d5f,0,0,0,0,0,0,0,0,0,0,0,0,0,0,0,0,0,0,0,0,0,0,0,0,0,0,0,0,0,0,0,0,0,0,0,0,0,0,0,0,0,0,0,0,0,0,0,0,0,0,0,0,372920.92,0,0,0,125000.0,0,0,0,0,15950.16743335,0,0,0,0,0,0,0,0,19.098951,0,0,63833.09584,0,0,3504.42477876,0,0,0,0,0,0,0,0,0,0,0,0,0,0,0,0,0,0,0,0,0,0,0,6000.0,0,0,4067.13484083,0,0,0,0,0,0,8333.333333,0,0,0,0,0,0,0.00293097,0,0,0,0,0,0,750.31619345,0,0,0,0,9.40072,0,0,0,0
0x470acb23c5cf667e12e9d1cf6d53c9b203f4db90,0,0,0,0,0,0,0,0,0,0,0,0,0,0,0,0,0,0,0,0,0,0,0,0,0,0,0,0,0,0,0,0,0,0,0,0,0,0,0,0,0,0,0,0,0,0,0,0,0,0,0,0,1018342.781,0,0,0,0,0,0,0,0,0,0,0,0,0,0,0,0,0,0,0,0,0,0,0,0,0,0,0,0,0,0,0,0,0,0,0,0,0,0,0,0,0,0,0,0,0,0,0,0,0,0,0,0,0,0,0,0,0,0,0,0,0,0,0,0,0,0,0,0,0,0,0,0,0,0,0,0,0,0,0,0,0
0x89453000afe81a8843ae2d1c5df0f340f8800779,0,0,0,0,0,0,0,0,0,0,0,0,0,0,0,0,0,0,0,0,0,0,0,0,0,0,0,0,0,0,0,0,0,0,0,0,0,0,0,0,0,0,0,0,0,0,0,0,0,0,0,0,189786.07929746,0,0,0,0,0,0,1.0,0,19449.58408989,0,0,0,0,0,0,0,0,0,0,0,0,0,0,0,0,0,0,0,0,0,0,0,0,0,0,0,0,0,0,0,0,0,0,0,0,0,0,0,0,0,0,0,0,0,0,0,0,0,0,0,0,0,0,0,0.00316265,0,0,0,0,0,0,0,0,0,0,0,0,0,0,0,0
0x37ba55978b3add5e61c3cf1cdfe445c0d55482dd,0,0,0,0,0,0,0,0,0,0,0,0,0,0,0,0,0,0,0,0,0,0,0,0,0,0,0,0,0,0,0,0,0,0,0,0,0,0,0,0,0,0,0,0,0,0,0,0,0,0,0,0,952409.52347028,0,0,0,0,0,0,0,0,0,0,0,0,0,0,0,0,0,0,0,0,0,0,0,0,0,0,0,0,0,0,0,0,0,0,0,0,0,0,0,0,0,0,0,0,0,0,0,0,0,0,0,0,0,0,0,0,0,0,0,0,0,0,0,0,0,0,0,0,0,0,0,0,0,0,0,0,0,0,0,0,0
0x992ec71207c9e183e64c81461908f1a1a783af6a,0,0,0,0,0,0,0,0,0,0,0,0,0,0,0,0,0,0,0,0,0,0,0,0,0,0,0,0,0,0,0,0,0,0,0,0,15.69,0,0,0,0,0,0,0,0,0,0,0,0,0,0,0,572729.93860309,0,0,0,0,0,0,0,0,0,0,0,0,0,0,0,0,0,0,0,0,0,0,0,0,0,0,0,0,0,0,0,0,0,0,0,0,0,0,0,0,0,0,0,0,0,0,0,0,0,0,0,0,0,0,0,0,0,0,0,0,0,0,0,0,737285.25792761,0,0,0,0,0,0,0,0,0,0,0,0,0,0,0,0
0xe06a3c8d7eedc8c907a0bba434804288a6f7cd24,0,0,0,0,0,0,0,0,0,0,0,0,0,0,0,0,0,0,0,0,0,0,0,0,0,0,0,0,0,0,0,0,0,0,0,0,0,0,0,0,0,0,0,0,0,0,0,0,0,0,0,0,844589.53,0,0,0,0,0,0,0,0,0,0,0,0,0,0,0,0,0,0,0,0,0,0,0,0,0,0,0,0,0,0,0,0,0,0,0,0,0,0,0,0,0,0,0,0,0,0,0,0,0,0,0,0,0,0,0,0,0,0,0,0,0,0,0,0,0,0,0,0,0,0,0,0,0,0,0,0,0,0,0,0,0
0xeb995c082dd1249fde261fa7c0b1c0a04fda86c9,0,0,0,0,0,0,0,0,0,0,0,0,0,0,0,0,0,0,0,0,0,0,0,0,0,0,0,0,0,0,0,0,0,0,0,0,0,0,0,0,0,0,0,0,0,0,0,0,0,0,0,0,840240.18013,0,0,0,0,0,0,0,0,0,0,0,0,0,0,0,0,0,0,0,0,0,0,0,0,0,0,0,0,0,0,0,0,0,0,0,0,0,0,0,0,0,0,0,0,0,0,0,0,0,0,6539.88534591,0,0,0,0,0,0,0,0,0,0,0,0,0,0.00293097,0,0,0,0,0,0,0,0,0,0,0,0,0,0,0,0
0x0e8bf301805df4e6ba7151297e5f7dfedc1eaab9,0,0,452397.57318099,0,0,0,0,0,632.092844,0,0,4.026587,0,0,0,0,0,0,0,0,0,0,0,0,0,0,0,0,0,0,0,0,0,0,0,14678.034463,15.69,0,0,0,0,0,0,0,0,0,0,68117.30614,0,0,0,0,7403.60114243,0,0,0.79521,0,0,0,0,0,20050.79838118,0.14141495,0,0,0,0,21096.1939689,0,0.1793744,17144.402955,0,200.46117316,75178.29519,0,3933.72485,3504.42477876,0,0,0,1.079192,0,1731.607759,0,0,0,0,0,0,0,0,0,0,0,0,0,0,0,0,0,0,0,0,0,0,0,0,0,0,0,0,0,0,0,0,0,7.1841838,0.00061267,0,0,0,0,0,0,673.19943332,0,0,0,0,3148.27095,0,0,0,702.96332
0xcf9bfaf7e7ed48d85f2487b8fed07852a5e93ad1,0,0,0,0,0,0,0,0,0,0,0,0,0,0,0,0,0,0,0,0,0,0,0,0,0,0,0,0,0,0,0,0,0,0,0,0,0,0,0,0,0,0,0,0,0,0,0,0,0,0,0,0,319590.96066564,0,0,0,0,0,0,0,0,12189.21012422,0,0,0,0,0,0,0,0,0,0,0,0,0,0,0,0,0,0,0,0,0,0,0,0,0,0,0,0,0,0,0,0,0,0,0,0,0,0,0,0,0,0,0,0,0,0,0,0,0,0,0,0,0,0,0,0.0004091,0,0,0,0,0,0,0,0,0,0,0,0,0,0,0,0
0x13c50dcdee4bbcba71baf578b345cdd35c7928be,0,307.98482,0,0,0,0,0,0,0,0,0,0,0,0,0,0,0,0,0,0,0,0,0,0,0,0,5816909.5948299998,0,0,0,0,0,0,0,0,0,15.69,0,0,0,0,0,0,3513.6448651,0,0,0,0,0,0,0,0,68044.81218999,60529998.8980000019,0,17239.36734,0,0,0,0,0,24705.12353001,0,0,0,0.0,0,0,0,0,0,0,0,0,0,0,3504.42477876,0,0,0,0,0,0,0,0,0,0,0,1080276.5804600001,0,0,0,0,0,0,0,0,0,0,0,1975.0,0,0,0,0,37.71495,0,0,0,0,0,0,0,1.23229816,34.887359805,421.34186,0,0.00949915,0,0,0,0,430.91116734,0,131887.08158731,0,0,0,0,0,0.049991,46995535.3259999976,0,0
0xa23190045c4aebeb724844ce622465475e539bae,0,0,0,0,0,0,0,0,345.224166,0,0,0,0,0,0,0,0,0,0,0,0,0,0,18.2773608,0,0,0,0,0,0,0,0,0,0,0,0,15.69,0,23904.39220703,0,0,0,0,5.20126841,0,0,0,0,0,0,0,0,1.41053133,0,0,3.00476,82236.84210526,0,0,0,47176.19022,17518.63613736,0,0,0,0,0,172.4858909,0,136.2338004,9460.212877,0,0,81711.72598,0,2183.531345,0,0,0,0,0,0,972.716708,0,0,0,0,0,10007.58171,0,0,0,0,0,0,0,0,0,0,0,7975.0,0,0,3215.87775546,0,0,0,0,0,0,8333.333333,0,0,0,0,0,0,0.0114668,0,0,0,0,0,0,744.16058568,0,0,0,0,514.36634,0,0,0,0
0xc59498175d6d317642aeb97f895a7ce1aa992191,0,0,0,0,0,0,0,0,565.458089,0,0,0,0,0,0,0,0,0,0,0,0,0,0,0,0,0,0,0,0,0,10141843.8951429091,0,0,0,0,0,19.0,0,0,0,0,0,0,0,0,0,0,0,0,0,0,0,691248.72306401,0,0,0,0,0,0,1.0,0,0,0,0,0,0,0,0,0,0,0,0,0,83975.92423,0,3522.137923,0,0,0,0,0,0,1545.763746,0,0,0,0,0,0,0,0,0,0,0,0,0,0,0,0,0,0,0,0,0,0,0,0,0,0,0,0,0,0,0,0,0,0,2620000.0004679398,0,0,0,0,0,0,0,0,0,0,0,2187.9955,0,0,0,0
0x99967871e6c4f9a5185abc57edede9e9540191f6,0,0,0,0,0,0,0,0,0,0,0,0,0,0,0,0,0,0,0,0,0,0,0,0,0,0,0,0,0,0,0,0,0,0,0,0,0,0,0,0,0,0,0,0,0,0,0,0,0,0,0,0,567738.81523866,0,0,0,0,0,0,1.0,0,2433.42971997,0,0,0,0,0,0,0,0,1.092723,0,0,34.55086,0,0,3504.42477876,0,0,0,0,0,0,0,0,0,0,0,0,0,0,0,0,0,0,0,0,0,0,0,0,0,0,5316.49128719,0,0,0,0,0,0,0,0,0,0,0,0,0,0.00620694,0,0,0,0,0,0,553.71436189,0,0,0,0,0,0,0,0,0
0xffe664491482ae9db6ba9e55c2ed1ea55c700a52,0,0,0,0,0,0,0,0,0,0,0,0,0,0,0,0,0,0,0,0,0,0,0,0,0,0,0,0,0,0,0,0,0,0,0,0,0,0,0,0,0,0,0,0,0,0,0,0,0,0,0,0,0.72687677,0,0,0,0,0,0,0,0,15968.51156751,0,0,0,0,0,0,0,0,0,0,0,29946.90353,0,0,0,0,0,0,0,0,0,0,0,0,0,0,0,0,0,0,0,0,0,0,0,0,0,0,0,0,0,0,0,0,0,0,0,0,0,0,0,0,0,0,0,717.66966195,0,0,0,0,0,0,0,0,0,0,0,0,0,0,0,0
0xad6b6913aa3e3071910a4d53a5c88dc01bade4a4,0,0,0,0,0,0,0,0,0,0,0,0,0,0,0,0,0,0,0,0,0,0,0,0,0,0,0,0,0,0,0,0,0,0,0,0,0,0,0,0,0,0,0,0,0,0,0,0,0,0,0,0,618974.964534,0,0,0,0,0,0,0,0,0,0,0,0,0,0,0,0,0,0,0,0,0,0,0,0,0,0,0,0,0,0,0,0,0,0,0,0,0,0,0,0,0,0,0,0,0,0,0,0,0,0,0,0,0,0,0,0,0,0,0,0,0,0,0,0,0,0,0,0,0,0,0,0,0,0,0,0,0,0,0,0,0
0xecb63caa47c7c4e77f60f1ce858cf28dc2b82b00,0,0,0,0,0,0,0,0,0.0,0,0,0,0,0,0,0,0,0,0,0,0,0,0,0,0,0,0,696.69696969,0,0,0,0,0,0,0,0,0,0,0,0,0,0,0,0.73279813,0,0,0,0,0,0,0,0,389233.59304167,0,0,0,66666.66666666,0,0,1.0,0,31076.60957669,0,0,0,0.05493901,214.48926,0,0,0,185138.227502,0,0,258540.28178,0,118482.479186,0,0,0,0,0,0,174616.306931,0,0,0,0.5,0,12528830.1622499991,0,0,0,30.555941,0,0,0,0,0,0,0,0,0,0,4939.5300722,0,0,0,0,0,0,0,0,0,20.745342921,909.132296522,250204.085741,0.8989855,3521815.8585680001,0,0,812413.22947029,0,10813.72446763,0,4627.59670321,0,0,0,0,13115.9349,0,0,0,0
0xe36eebf15b7b5042d86885641f5b040a8d07ae18,0,0,0,0,0,0,0,0,0,0,0,0,0,0,0,0,0,0,0,0,0,0,0,0,0,0,0,0,0,0,0,0,0,0,0,0,0,0,0,0,0,0,0,0,0,0,0,0,0,0,0,0,603193.19481,0,0,0,0,0,0,0,0,0,0,0,0,0,0,0,0,0,0,0,0,0,0,0,0,0,0,0,0,0,0,0,0,0,0,0,0,0,0,0,0,0,0,0,0,0,0,0,0,0,0,4692.66670422,0,0,0,0,0,0,0,0,0,0,0,0,0,0,0,0,0,0,0,0,0,0,0,0,0,0,0,0,0,0
0xbee95bb47bc4e28bb1fd489a2d0f873fe59172ad,1.95344,314.02467,95444.13517938,0,0,0,1043739.31039,0,5541.094211,32898962.4696099982,0,3058.7234136,0,0,0,0,0,15.0,27564.93167501,0,0,0,0,0,0,0,0,0,0,0,0,0,0,0,0,0,0,0,7.01978218,3079841.6037534,1988.51568967,0,0,0,0,0,200000.0,0,0,0,0,0.82983372,17.75,5.26743,296398.04656,0.0,0.0,0,0,1.0,0,14430.74285993,0,0,0,0,416718.84459,0,0,0,67416.253662,2715864.5308099301,5320.33957986,71740.18197,0,78210.292149,3504.42477876,0,0,0,1.1214,0,98746.080804,0,0,1.44201253,0,0,0,924182.41189,0.03265769,0,0,0,0,0,0,0,0,291685.78399,6849.0,0,0,6147.35959993,0,0,0,0,0,48602.2589,0,0,0,0,0,0,1753.7714911,412.57076208,0,0,0,0,0,2357988.0838299999,642.03011862,0.07218615,0,0,0,92335.51813,0,1.65698,0,702.96332
0x3e3868f5e6fd1b2c2b91b234436b46c0a5b1140c,0,0,0,0,0,0,0,0,0,0,0,0,0,0,0,0,0,0,0,0,0,0,0,0,0,0,0,0,0,0,0,0,0,0,0,0,0,0,0,0,0,0,0,0,0,0,0,0,0,0,0,0,0.24538515,0,0,0,0,0,0,0,0,14404.21277511,0,0,0,0,0,0,0,0,0,0,0,0,0,0,0,0,0,0,0,0,0,0,0,0,0,0,0,0,0,0,0,0,0,0,0,0,0,0,0,0,0,0,0,0,0,0,0,0,0,0,0,0,0,0,0,637.73989586,0,0,0,0,0,0,0,0,0,0,0,0,0,0,0,0
0x14a872e2564aa6e4ce108cdb427dbac794590016,0,0,0,0,0,0,0,0,0,0,0,0,0,0,0,0,0,0,0,0,0,0,0,0,0,0,0,0,0,0,0,0,0,0,0,0,0,0,0,0,0,0,0,0,0,0,0,0,0,0,0,0,592184.18472,0,0,0,0,0,0,0,0,0,0,0,0,0,0,0,0,0,0,0,0,0,0,0,0,0,0,0,0,0,0,0,0,0,0,0,0,0,0,0,0,0,0,0,0,0,0,0,0,0,0,4606.87759943,0,0,0,0,0,0,0,0,0,0,0,0,0,0,0,0,0,0,0,0,0,0,0,0,0,0,0,0,0,0
0x67fe021a7e9c8af558d3714e7bc6fa544da6cad4,0,0,0,0,0,0,0,0,0,0,0,0,0,0,0,0,0,0,0,0,0,0,0,0,0,0,0,0,0,0,0,0,0,0,0,0,0,0,0,0,0,0,0,0,0,0,0,0,0,0,0,0,590440.808475,0,0,0,0,0,0,0,0,0,0,0,0,0,0,0,0,0,0,0,0,0,0,0,0,0,0,0,0,0,0,0,0,0,0,0,0,0,0,0,0,0,0,0,0,0,0,0,0,0,0,0,0,0,0,0,0,0,0,0,0,0,0,0,0,0,0,0,0,0,0,0,0,0,0,0,0,0,0,0,0,0
0xcdf9a0cc8174dba1019e4c176c0a179f1d4d1ad3,0,0,0,0,0,0,0,0,0,0,0,0,0,0,0,0,0,0,0,0,0,0,0,0,0,0,0,0,0,0,0,0,0,0,0,0,0,0,0,0,0,0,0,0,0,0,0,0,0,0,0,0,562611.72,0,0,0,0,0,0,0,0,0,0,0,0,0,0,0,0,0,0,0,0,0,0,0,0,0,0,0,0,0,0,0,0,0,0,0,0,0,0,0,0,0,0,0,0,0,0,0,0,0,0,0,0,0,0,0,0,0,0,0,0,0,0,0,0,0,0,0,0,0,0,0,0,0,0,0,0,0,0,0,0,0
0xb9a2bc88d22e82628acdb2a86fc297a038b3158e,0,0,0,0,0,0,0,0,0,0,0,0,0,0,0,0,0,0,0,0,0,0,0,0,0,0,0,0,0,0,0,0,0,0,0,0,0,0,0,0,0,0,0,0,0,0,0,0,0,0,0,0,560672.83,0,0,0,0,0,0,0,0,0,0,0,0,0,0,0,0,0,0,0,0,0,0,0,0,0,0,0,0,0,0,0,0,0,0,0,0,0,0,0,0,0,0,0,0,0,0,0,0,0,0,0,0,0,0,0,0,0,0,0,0,0,0,0,0,0,0,0,0,0,0,0,0,0,0,0,0,0,0,0,0,0
0xaf297dec752c909092a117a932a8ca4aaaff9795,0,0,0,0,0,0,0,0,0,0,0,0,0,0,0,0,0,0,0,0,0,0,0,0,0,0,0,0,0,0,0,0,0,0,0,0,0,0,0,0,0,0,0,0,0,0,0,0,0,0,0,0,55623.99650839,0,0,0,82236.84210526,0,0,0,0,12211.07528503,0,0,0,0,0,0,0,0,0,0,0,0,0,0,0,0,0,0,0,0,0,0,0,0,0,0,0,0,0,0,0,0,0,0,0,0,0,0,6000.0,0,0,0,0,0,0,0,0,0,8333.333333,0,0,0,0,0,0,1487089.7568693,0,0,0.0,0,0,149286.20072,0,0,0,0,0,0,0,0,0,0
0x0f991873aab3e14191978946d48f30f624ae9867,0,0,0,0,0,0,0,0,0,0,0.0,0,0,0,0.0,0,0,0,0,0,0,0,0,0,0,0,0,0,0,0,0,0,0,0,0,0,0,0,0,0,0,0,0,0,0,0.0,0,0,0,0.0,0,0,53000.00000073,0,0,0,0,0,0,0,0,12167.01597304,0,0,0,0.0,0,0,0,0,0,0,0,0,0.0170082,0,0,0,0,0,0,0,0,0,0,0,0,0,0,0,0,0,0,0,0,0,0,0,0,0,0,0,0,0,0,0,0,0.0,0,0,0,0.0,0,0,0,0,0,0.36212306,0,0,0,0,0,0,0,0,0,0,0,0,0,0,0,0
0xcd1a5fb7c3a5ad2a13fce54853b3c3a01396e525,0,0,0,0,0,0,0,0,0,0,0,0,0,0,0,0,0,0,0,0,0,0,0,0,0,0,0,0,0,0,0,0,0,0,0,0,0,0,0,0,0,0,0,0,0,0,0,0,0,0,0,0,0.0,0,0,0,0,0,0,0,0,13173.73939663,0,0,0,0,0,0,0,0,0,0,0,0,0,0,0,0,0,0,0,0,0,0,0,0,0,0,0,0,0,0,0,0,0,0,0,0,0,0,0,0,0,0,0,0,0,0,0,0,0,0,0,0,0,0,0,9.0,0,0,0,0,0,0,435.99551751,0,0,0,0,0,0,0,0,0
0xcac19662ec88d23fa1c81ac0e8570b0cf2ff26b3,0,0,0,0,0,0,0,0,0,0,0,0,0,0,0,0,0,0,0,0,0,0,0,0,0,0,0,0,0,0,0,0,0,0,0,0,0,0,0,0,0,0,0,0,0,0,0,0,0,0,0,0,540134.19182352,0,0,0,0,0,0,0,0,0,0,0,0,0,0,0,0,0,0,0,0,0,0,0,0,0,0,0,0,0,0,0,0,0,0,0,0,0,0,0,0,0,0,0,0,0,0,0,0,0,0,0,0,0,0,0,0,0,0,0,0,0.5205247148,0,0,0,0.32365372,0,0,0,0,0,0,0,0,0,0,0,0,0,0,0,0
0xf02021e26e0bbfef8ffa2cc9cb64305a8ae465b4,0,0,18617.45290199,0,8036.90153992,0,0,0,0.511085,796429053.0814800262,0,74133.5407697,0,0,0,23095661.9628299996,0,0,0,0,0,82.12762636,21157.99935181,0.0477219,0,0,0,0,0,0,0,0,0,0,0,0,0,1667.25674139,2333218.4533036002,623548.9838013001,0,0,0,0,0,0,0,0,7443.91375982,0,0,0,0.00000321,0,0,482.82304,82236.84210526,0,0,0,0,15334.26849918,0,0,0,0,263550.2618,1246.2148028,0,0.2011424,3.201791,0,0,43038.85548,0,6.037825,3504.42477876,0,0,15319.38166993,43760.784891,0,160240.327587,0,0,0,0,390304.94061,1174695.22774,0,0,6518.83560742,0,88.53753887,0,10436.54735922,441434.88022019,0,2288.37879379,62579.90117,6000.0,15904.62162343,87504.70979107,0,87.5408643,0,0,0,0,0,8333.333333,0,0,0,0,0,1104.6141735,5066.12039729,0,0,0,0,0,235373.62424,727.49363726,1877.24646632,0,13599.84594873,0,160273.04338,0,43014.44707,86.88318721,0
0x091144e651b334341eabdbbbfed644ad0100023e,0,0,0,0,0,0,0,0,0,0,0,0,0,0,0,0,0,0,0,0,0,0,0,0,0,0,0,0,0,0,0,0,0,0,0,0,0,0,0,0,0,0,0,0,0,0,0,0,0,0,0,0,12669.26575204,0,0,0.99267,0,0,0,0,0,219.98264561,0,0,0,0,0,0,0,0,0,0,0,0,0,0,0,0,0,0,0,0,0,0,0,0,0,0,0,0,0,0,0,0,0,0,0,0,0,0,0,0,0,0,0,0,0,0,0,0,0,0,0,0,0,0,0,0.00081974,0,0,0,0,0,0,16.28144933,0,0,0,0,0,0,0,0,0
0x1da722cfa8b0dfda57cf8d787689039c7a63f049,93094.14681,413.76339,123405.90634786,0,0,0,701628.36703,0,9693.628766,34847436.3912099972,0,391.6709156,0,0,0,0,0,0.0,31114.51095436,0,0,0,0,1113.9343404,0,0,0,0,0,0,0,0,0,0,0,6379.0,0,0,2.96919894,3906446.311119,2481.60604992,0,0,0,0,0,200000.0,23210.79259,0,0,0,0,9994.01000156,8.0115,2.24018,3994.53094,82236.84210526,0,0,0,2801896.7758200001,17499.10832174,0,0,0,0,11.08245,22994.0072619,0,0.1926096,108307.773051,867028.20606789,802.8355526,57128.22139,0,141932.488482,3504.42477876,0,0,0,0.48538,39570.16921,182500.790356,8759.5280754,0,2.56987144,0,225303.13614,2433299.98911,0,0,0,0,152.07248017,0,0,0,0,2481.1026868,0,6000.0,0,0,0,150.36058739,0,16074.33174,0,0,24451.97433,8333.333333,0,0,0,0,0,0.107648,29244.38109483,0,0,0,0,0,0,3763.47765818,0,0,0,0,1.01643,0,9.75131,149.23095822,702.96332
0x6555e1cc97d3cba6eaddebbcd7ca51d75771e0b8,0,0,0,0,0,0,0,0,0,0,0,0,0,0,0,0,0,0,0,0,0,0,0,0,0,0,0,0,0,0,0,0,0,0,0,0,0,0,0,0,0,0,0,0,0,0,0,0,0,0,0,0,520344.34014743,0,0,0,0,0,0,0,0,0,0,0,0,0,0,0,0,0,0,0,0,0,0,0,0,0,0,0,0,0,0,0,0,0,0,0,0,0,0,0,0,0,0,0,0,0,0,0,0,0,0,0,0,0,0,0,0,0,0,0,0,2.1340448612,0,0,0,308325.54789455,0,0,0,0,0,0,0,0,0,0,0,0,0,0,0,0
0xbf49647d017805fcc576ac10f33a788e636f4258,0,0,0,0,0,0,0,0,1264.253881,0,0,0,0,0,0,0,0,0,0,0,0,0,0,0,0,0,0,0,0.0,0,0,0,0,0,0,0,0,0,0,0,0,0,0,0,0,0,0,0,0,0,0,125.92451044,0.00000003,0,0,2.84578,0,0,0,0,0,12496.93040452,0,0,0,0,0,0,0,0,17047.394976,0,0,28014.54146,0,17084.716875,0,0,0,0,0,0,21022.483812,0,0,0,0,0,2.11814,0,0,0,0,0,0,0,0,0,0,0,1975.0,0,0,0,0,0,0,0,0,0,0,0,0,0.0,0.0,0,0,0.34109048,0,0,0,0,0,0,82.53564574,0,0,0,0,0,0,0,0,0
0xaefcc9cacbe0e41978bef1818358f471848de9cb,0,0,0,0,0,0,0,0,0,0,0,0,0,0,0,0,0,0,0,0,0,0,0,0,0,0,0,0,0,0,0,0,0,0,0,0,0,0,0,0,0,0,0,0,0,0,0,0,0,0,0,0,0.000007,0,0,0,0,0,0,0,0,12371.43813434,0,0,0,0,0,0,0,0,0,0,0,0,0,0,0,0,0,0,0,0,0,0,0,0,0,0,0,0,0,0,0,0,0,0,0,0,0,0,0,0,0,0,0,0,0,0,0,0,0,0,0,0,0,0,0,8.45891658,0,0,0,0,0,0,0,0,0,0,0,0,0,0,0,0
0xd9225c2b6383f6e532c01c34d7588b1106b9e30b,0,0,0,0,0,0,0,0,0,0,0,0,0,0,0,0,0,0.0,0,0,0,0,0,0,0,0,0,0,0,0,0,0,0,0,0,0,0,0,0,0,0,0,0,0,0,0,0,0,0,0,0,0,0.00000041,0,0,0,62500.0,0,0,0,0,12273.65069179,0,0,0,0,0,0,0,0,0,0,0,0,0,0,3504.42477876,0,0,0,0,0,0,0,0,0,0,0,0,0,0,0,0,0,0,0,0,0,0,0,0.0,0,0,0,0,0,0,0,0,0,0,0,0,0,0,0,0,0.0041579,0,0,0,0,0,0,0,0,0,0,0,0,0,0,0,0
0xa2ce501d9c0c5e23d34272f84402cfb7835b3126,0,0,0,0,0,0,0,0,0,0,0,0,0,0,0,0,0,0,0,0,0,0,0,0,0,0,0,0,0,0,0,0,0,0,0,0,0,0,0,0,0,0,0,13024.92303628,0,0,0,0,0,0,0,0,0.00700727,0,0,70629.12842,129166.66666666,0,0,0,0,26023.20485726,0,0,0,0.0,0,0,0,0,0,0,0,0,0,0,3504.42477876,0,0,0,0,0,0,0,0,0,0,1732398.8087800001,7087992.0477799997,0,316350.59460059,0,0,0,0,0,0,0,0,0,7975.0,0,0,2334.24931619,0,1810.23304,0,0,0,0,8333.333333,0,0,0,0,0,0,88.94546554,0,0,0,0,0,0,8402.12990491,0,0,0,0,0,0,0,0,0
0x0aadc54a9e78cfe2e971aa8edcedea9c6df01f46,0,0,0,0,0,0,0,0,0,0,0,4.026587,0.21,0,0,0,0,0.0,0,0,0,0,0,0,0,0,0,0,0,0,0,0,0,0,0,0.0,0,0,0,0,0,0,0,0,0,0,0,0,0,0,0,0,0.00000008,0,0,0.94527,0.69481481,0,0,0,0,12192.33400216,0,0,0,0,26.00191,0,0,0,2.663504,0,0,19.11567,0,0.313125,0,0,0,0,0,0,3.101889,0,0,0,0,0,0,0,0,0,0,0,0,0,0,0,0,0,0,0,0,9.50375394,0,0,0,0,0,0,0,0,0,0,0,0,0.1196572,0.00464218,0,0,0,0,0,0.0,0,0,0,0,0,133.25002,0,0,0,0
0x0e41eb80e9a39ae7b887a94f6a88f6c791e26359,0,0,0,0,0,0,0,0,0,0,0,0,0,0,0,0,0,0,0,0,0,0,0,0,0,0,0,0,0,0,0,0,0,0,0,0,0,0,0,0,0,0,0,0,0,0,0,0,0,0,0,0,7994.40000209,0,0,0,0,0,0,0,0,12176.9354423,0,0,0,0,0,0,0,0,0,0,0,0,0,0,0,0,0,0,0,0,0,0,0,0,0,0,0,0,0,0,0,0,0,0,0,0,0,0,0,0,0,0,0,0,0,0,0,0,0,0,0,0,0,0,0,54.47977279,0,0,0,0,0,0,0,0,0,0,0,0,0,0,0,0
0x18ed0f81334d32027da587f92eab8c53a87eacbd,0,0,0,0,0,0,0,0,0,0,0,0,0,0,0,0,0,0,0,0,0,0,0,0,0,0,0,0,0,0,0,0,0,0,0,0,0,0,0,0,0,0,0,0,0,0,0,0,0,0,0,0,0.0,0,0,0,0,0,0,0,0,0,0,0,0,0,0,0,0,0,0,0,0,0,0,0,0,0,0,0,0,0,0,0,0,0,0,0,0,0,0,0,0,0,0,0,0,0,0,0,0,0,0,0,0,0,0,0,0,0,0,0,0,0,0,0,0,0,0,0,0,0,0,0,0,0,0,0,0,0,0,0,0,0
0x372c7f69d0ecc14f73f89bd8a7dfb41bdf29857c,0,0,0,0,0,0,0,0,0,0,0,0,0,0,0,0,0,0,0,0,0,0,0,0,0,0,0,0,0,0,0,0,0,0,0,0,0,0,0,0,0,0,0,0,0,0,0,0,0,0,0,0,0.0021361,0,0,0,0,0,0,0,0,0,0,0,0,0,0,0,0,0,0,0,0,0,0,0,0,0,0,0,0,0,0,0,0,0,0,0,0,0,0,0,0,0,0,0,0,0,0,0,0,0,0,0,0,0,0,0,0,0,0,0,0,0,0,0,0,0.00388694,0,0,0,0,0,0,0,0,0,0,0,0,0,0,0,0
0xa9ff08af55b24bb5d064d776a078e8a292b8dfe2,0,0,0,0,0,0,0,0,0,0,0,0,0,0,0,0,0,0,0,0,0,0,0,0,0,0,0,0,0,0,0,0,0,0,0,0,0,0,0,0,0,0,0,0,0,0,0,0,0,0,0,0,10003.46758295,0,0,0,0,0,0,0,0,50769.55484238,0,0,0,0,0,0,0,0,0,0,0,0,0,0,0,0,0,0,0,0,0,0,0,0,0,0,20000000.4199800007,0,0,0,0,0,0,0,0,0,0,0,0,0,0,0,0,0,0,0,0,0,0,0,0,0,0,0,0,0.008623,0,0,0,0,0,0,0,0,0,0,0,0,0,0,0,0
0xb83de012dba672c76a7dbbbf3e459cb59d7d6e36,0,0,0,0,0,0,0,0,0,0,0,0,0,0,0,0,0,0,0,0,0,0,0,0,0,0,0,0,0,0,0,0,0,0,0,0,0,0,0,0,0,0,0,0,0,0,0,0,0,0,0,0,34860.67123122,0,0,0,0,0,0,0,0,11189.06185739,0,0,0,0,0,0,0,0,0,0,0,0,0,0,0,0,0,0,0,0,0,0,0,0,0,0,0,0,0,0,0,0,0,0,0,0,0,0,0,0,0,0,0,0,0,0,0,0,0,0,0,0.0,0,140821.010177,0,437289.70831768,0,0,0,0,0,0,0,0,0,0,0,0,0,0,0,0
0x77375a8c9d13bf79afb2a87f1b0ac1dfd5f5bf66,301717.98007,379.0381,109322.64660868,0,11689.6824277,0,694583.96055,861493.16569951,7545.997285,0,0,89359.3137531,0,667226.57366,0,0,0,220.15292007,0,0,0,0,0,0,0,0,0,0,0,0,0,0,0,0,157917.75138732,20829.938224,0,0,1318074.8067808,0,0,0,0,3114.15371391,0,0,200000.0,19000.00117,0,0,0,533.9921181,173284.8507873,0,140424.01546,0.67165,117298.7281482,0,0,0,0,10836.71592698,0,0,0,15.0,686357.65543,29944.5940211,0,0,87299.713931,0,0,151451.21454,0,108899.630653,6622.39774073,0,0,0,371769.255212,0,139038.751778,0,0,64426.65090834,8845.42071508,0,1847417.4865900001,0,0,0,30.555941,0,0,0,0,0,0,0,14824.0,0,0,2094.02973301,0,218260.36932,14673.71075,0,0,0,8333.333333,0,0,0,0,10499.88821,2703.6072735,121455.47577449,0,384.85212,2540.66364943,0,0,0,587.15687475,29242.07844444,0,0,0,7339.83776,0,0,0,234848.91126
0xb952a94e9a9a63b393946dea15e1d86d22656331,0,0,0,0,0,0,0,0,0,0,0,0,0,0,0,0,0,0,0,0,0,0,0,0,0,0,0,0,0,0,0,0,0,0,0,0,0,0,0,0,0,0,0,0,0,0,0,0,0,0,0,0,463016.86,0,0,0,0,0,0,0,0,0,0,0,0,0,0,0,0,0,0,0,0,0,0,0,0,0,0,0,0,0,0,0,0,0,0,0,0,0,0,0,0,0,0,0,0,0,0,0,0,0,0,0,0,0,0,0,0,0,0,0,0,0,0,0,0,0,0,0,0,0,0,0,0,0,0,0,0,0,0,0,0,0
0x9f3b90f03dbe29c31ed1d05d7f6515248b9de2cf,0,0,0,0,0,0,0,0,0,0,0,0,0,0,0,0,0,0,0,0,0,0,0,0,0,0,0,0,0,0,0,0,0,0,0,0,0,0,0,0,0,0,0,0,0,0,0,0,0,0,0,0,462204.1831,0,0,0,0,0,0,0,0,0,0,0,0,0,0,0,0,0,0,0,0,0,0,0,0,0,0,0,0,0,0,0,0,0,0,0,0,0,0,0,0,0,0,0,0,0,0,0,0,0,0,3593.9919822,0,0,0,0,0,0,0,0,0,0,0,0,0,0,0,0,0,0,0,0,0,0,0,0,0,0,0,0,0,0
0x34a15fb11242f63765bcaf05a5925dcb407770a2,0,0,0,0,0,0,0,0,0,0,0,0,0,0,0,0,0,0,0,0,0,0,0,0,0,0,0,0,0,0,0,0,0,0,0,0,0,0,0,0,0,0,0,0,0,0,0,0,0,0,0,0,0.1,0,0,0,0,0,0,0,0,0,0,0,0,0,0,0,0,0,0,0,0,0,0,0,0,0,0,0,0,0,0,0,0,0,0,0,0,0,0,0,0,0,0,0,0,0,0,0,0,0,0,0,0,0,0,0,0,0,0,0,0,0,0,0,0,0,0,0,0,0,0,0,0,0,0,0,0,0,0,0,0,0
0xe867fbdad3291530e41530301ecb77693850c78e,0,0,0,0,0,0,0,0,0,0,0,0,0,0,0,0,0,0,0,0,0,0,0,0,0,0,0,0,0,0,0,0,0,0,0,0,0,0,0,0,0,0,0,0,0,0,0,0,0,0,0,0,0.0,0,0,0,0,0,0,0,0,10807.38914825,0,0,0,0,0,0,0,0,0,0,0,2182.6003,0,0,0,0,0,0,0,0,0,0,0,0,0,0,0.0,0,0,0,0,0,0,0,0,0,0,0,0,0,0,0,0,0,0,0,0,0,0,0,0,0,0,0,0,0.00073968,0,0,0,0,0,0,0,0,0,0,0,206.47111,0,0,0,0
0x156115e100141e9330620c253225cc5ee598a31a,0,330.44401,98555.70436718,0,9304.96918755,2998.29075531,513787.42046,0,6489.479412,21.93971,756573.07105737,4.026587,6856.14177412,0,0,0,0,15.0,24848.99332536,0,0,0,0,552.6000532,6070478.1610804005,0,1511020.4907581999,0,0,51495.74146271,0,0,0,0,0,0,0,6233.80150973,0,3300897.7989363,1981.88595221,0,0,723.33687915,0,8197.8249058,0,0,0,0,0,0.82983372,341690.91099992,27024425.70902,0,0,0,0,0,0,0,5780.09826077,0,0,24997.6003496,0,539480.49279,6835.0723183,0,6571.1087909,68961.676489,0,200.46117316,44197.6481,0,97016.943967,0,0,0,0,0,0,125937.419839,0,0,0,0,0,1688882.6611500001,990515.77376,656811.16584564,0,0,0,37956.58297063,0,1889571.8502634601,0,0,331280.88315,6849.0,0,0,981.91602679,0,0,0,0,0,0,0,0,0,0,0,0,226810.1785468,1498213.9738379701,0,0,0,0,0,1.9653,0.01152885,9937.62942401,0,48489.57674511,0,1410.25872,0,31300237.1099799983,0,702.96332
0x9abe126127818c6440db88cf32a222e47193e0b0,0,0,0,0,0,0,0,0,0,0,0,0,0,0,0,0,0,0,0,0,0,0,0,0,0,0,0,0,0,0,0,0,0,0,0,0,0,0,0,0,0,0,0,0,0,0,0,0,0,0,0,0,0.0,0,0,0,0,0,0,0,0,10613.85839533,0,0,0,0,0,0,0,0,0,0,0,0,0,0,0,0,0,0,0,0,0,0,0,0,0,0,0,0,0,0,0,0,0,0,0,0,0,0,0,0,0,0,0,0,0,0,0,0,0,0,0,0,0,0,0,18.008208,0,0,0,0,0,0,0,0,0,0,0,0,0,0,0,0
0x807a2e2e469df84b299da5f90f15dda4380daca1,0,0,0,0,0,0,0,0,410.853242,0,0,0,0,0,0,0,0,0,0,0,0,0,0,0,0,0,0,0,0,0,0,0,0,0,0,0,0,0,0,0,0,0,0,0,0,0,0,0,0,0,0,0,170010.5634638,0,0,0,82236.84210526,0,0,0,0,6423.1273659,0,0,0,0,0,0,0,0,1.583958,0,0,49326.41405,0,2567.180813,0,0,0,0,0,0,1114.571572,0,0,0,0,0,0,0,0,0,0,0,0,0,0,0,0,0,6000.0,0,0,0.02182005,0,0,0,0,0,0,8333.333333,0,0,0,0,0,0,0.00798327,0,0,0,0,0,0,0.03080201,0,0,0,0,0,0,0,0,0
0x9e875bd28ee5001478c16cb0c8329116a3c3e816,0,0,0,0,0,0,0,0,0,0,0,0,0,0,0,0,0,0,0,0,0,0,0,0,0,0,0,0,0,0,0,0,0,0,0,0,0,0,0,0,0,0,0,0,0,0,0,0,0,0,0,0,430915.01849384,0,0,0,0,0,0,0,0,0,0,0,0,0,0,0,0,0,0,0,0,0,0,0,0,0,0,0,0,0,0,0,0,0,0,0,0,0,0,0,0,0,0,0,0,0,0,0,0,0,0,0,0,0,0,0,0,0,0,0,0,0,0,0,0,13228.19823276,0,0,0,0,0,0,0,0,0,0,0,0,0,0,0,0
0xa69e24a291687a7cc0bb1d8bc09ba74e667d4d9e,0,0,0,0,0,0,0,0,0,0,0,0,0,0,0,0,0,0,0,0,0,0,0,0,0,0,0,0,0,0,0,0,0,0,0,0,0,0,0,0,0,0,0,0,0,0,0,0,0,0,0,0,200181.07646409,0,0,0,0,0,0,0,0,5509.57718424,0,0,0,0,0,0,0,0,0,0,0,0,0,0,3504.42477876,0,0,0,0,0,0,0,0,0,0,0,0,0,0,0,0,0,0,0,0,0,0,0,0,0,0,0.07367559,0,0,0,0,0,0,0,0,0,0,0,0,0,0.11561787,0,0,0,0,0,0,0,0,0,0,0,0,0,0,0,0
0x97f8219e401f07752a60ddb0a75efda96d1389d9,0,0,0,0,0,0,0,0,299.47295,0,0,0,0,0,0,0,0,0,0,0,0,0,0,0,0,0,0,0,0,0,0,0,0,0,0,0,0,0,0,0,0,0,0,0,0,0,0,0,0,0,0,0,414256.94098,0,0,0,62500.0,0,0,0,0,0,0,0,0,0,0,0,0,0,8280.859154,0,0,36311.61001,0,1879.211424,0,0,0,0,0,0,803.932473,0,0,0,0,0,0,0,0,0,0,0,0,0,0,0,0,0,6000.0,0,0,0,0,0,0,0,0,0,8333.333333,0,0,0,0,0,0,0.138207,0,0,0,0,0,0,324.96638066,0,0,0,0,1675.21871,0,0,0,0
0x518c447fa619f07e720a97a745e630c40b36083e,0,0,0,0,0,0,0,0,0,0,0,0,0,0,0,0,0,0,0,0,0,0,0,0,0,0,0,0,0,0,0,0,0,0,0,0,0,0,0,0,0,0,0,0,0,0,0,0,0,0,0,0,0.0,0,0,0,0,0,0,0,0,9861.81551114,0,0,0,0,0,0,0,0,0,0,0,0,0,0,0,0,0,0,0,0,0,0,0,0,0,0,0,0,0,0,0,0,0,0,0,0,0,0,0,0,0,0,0,0,0,0,0,0,0,0,0,0,0,0,0,273.97772,0,0,0,0,0,0,0,0,0,0,0,0,0,0,0,0
0x8196e0648cb16e9151c2920618a58605706b5836,371071.87651,1487.61823,443685.63858855,164203.0530921,0,0,2400809.00526,0,29408.61605,125288225.8716800064,38927.33417694,1110.3925999,0,0,0,0,0,15.0,111867.10645149,0,0,34.36342432,0,3794.8387433,0,0,0,0,0,0,0,0,0,0,584533.7209862299,22584.485262,0,0,5190690.0455977404,14860235.2064788006,8922.2063803,0,0,1000.0090729,14905.8093879,0,450036.12481,76730.24832,0,0,0,0.82983372,0.0,2893747.10623,308253.34354,7721.96384,0,46094.76673,0,0.5,4219093.8707499998,15644.88289978,0,0,0,15.0,2464138.6062400001,79731.4474928,5356.00832,29582.3221889,315894.122657,2491561.9564462402,2020.21995195,115550.58008,0,437128.478404,0,0,0,0,1098062.2191890001,38533.01147,491675.15889,23347.1178724,0,157973.69967086,0,684996.5329,3000000.2995500001,4459179.9778399998,0,0,0,37.04542735,0,0,0,340743.98367,672.31657727,2270943.7498300001,8824.0,0,0,0,36.62840384,120457.74128,49813.65161,0,1484.44467,44375.31677,0,0,11656.3598705,0,0,0,10157.694867,0.00403689,0,0,0,0,0,8895843.4486699998,6612.45937955,55999.61652738,1053289.20418908,0,0,88159.63989,0,3189072.1278200001,36.35322193,130286.99897
0xdaaeb593f0ca48772902be38a8a3928917dc97df,0,0,0,0,0,0,0,0,0,0,0,0,0,0,0,0,0,0,0,0,0,0,0,0,0,0,0,0,0,0,0,0,0,0,0,0,0,0,0,0,0,0,0,0,0,0,0,0,0,0,0,0,391492.68294,0,0,0,0,0,0,0,0,0,0,0,0,0,0,0,0,0,0,0,0,0,0,0,0,0,0,0,0,0,0,0,0,0,0,0,0,0,0,0,0,0,0,0,0,0,0,0,0,0,0,3042.96366559,0,0,0,0,0,0,0,0,0,0,0,0,0,0,0,0,0,0,0,0,0,0,0,0,0,0,0,0,0,0
0xf517639a8872e756ac98d3c65507d2ebc25cc032,0,1396.58096,0,2397326.3327875002,0,0,0,0,813.970928,9143597.6666700002,0,9.4645274,0,0,0,799200.17862,1450.9302677,0,0,0,9493.31659578,6787.02310917,0.37523075,147700.0000002,0,0,0.250819,9373.68400496,0.0147,0,0,2957.102312,6766.37593857,10288.75771618,0,490604.321072,0,8233.79361093,0,290886103.2776936293,0,412638.3604056,48020.45801,0,46701.82108757,0,0,208637.18007,0,0.02952595,134332.63896918,120.57184293,5095.93470761,0,0,6104.43528,0,0,29024.5612536,0,0,9489.7034605,0,0,178915.38786262,15.0,11.65116,7066209.3490925003,0,0,21972.585625,9.59000001,140754.45135282,96322.29756,0,5067.207752,3504.42477876,25101.52560877,0.01222131,0,60182.074511,0,2257.945649,0,55.10348733,13039.5478261,15161.33743097,0,2415564.78015,23110460.3247600012,0,0,30.555941,0,0,18998.08784247,0.2430259,684703.65682,0.01069176,0,6000.0,0,0,0.04710089,0,126637.32459,0,0,0,0,8333.333333,47373.01155723,1.3617392,0.00001,0,0,17031.4620482,6.0060373,0.0,0,0.01,0.0,0,15.67276,0.01602532,0,0,0,0,10691.43885,0.00969342,0,0,3.34385
0x0cbf655b0d22ae71fba3a674b0e1c0c7e7f975af,0,0,0,0,0,0,0,0,0,0,0,0,0,0,0,0,0,0,0,0,0,0,0,0,0,0,0,0,0,0,0,0,0,0,0,0,0,0,0,0,0,0,0,0,0,0,0,0,0,0,0,0,1.10000005,0,0,0,46052.63157894,0,0,0,0,9464.955022,0,0,0,0,0,0,0,0,38.740641,0,0,169.87791,0,0,3504.42477876,0,0,0,0,0,0,0,0,0,0.99965001,0,0,0,0,0,30.555941,0,0,0,0,0,0,0,6000.0,0,0,0,0,0,0,0,0,0,8333.333333,0,0,0,0,0,0,0.08117606,0,0,0,0,0,0,17.03237139,0,0,0,0,19.06858,0,0,0,0
0x00f5da329d61371ffa39680b4d226bcba46e406e,0,0,0,0,0,0,0,0,0,0,0,0,0,0,0,0,0,0,0,0,0,0,0,0,0,0,0,0,0,0,0,0,0,0,0,0,0,0,0,0,0,0,0,0,0,0,0,0,0,0,0,0,0.0,0,0,0,0,0,0,0,0,9358.87541631,0,0,0,0,0,0,0,0,0,0,0,0,0,0,0,0,0,0,0,0,0,0,0,0,0,0,0,0,0,0,0,0,0,0,0,0,0,0,0,0,0,0,0,0,0,0,0,0,0,0,0,0,0,0,0,224.05668,0,0,0,0,0,0,0,0,0,0,0,0,0,0,0,0
0x2058bcf5cecbac4ac91393fe18655ea338979797,0,0,0,0,0,0,0,0,0,0,0,0,0,0,0,0,0,0,0,0,0,0,0,0,0,0,0,0,0,0,0,0,0,0,0,0,0,0,0,0,0,0,0,0,0,0,0,0,0,0,0,0,0.000002,0,0,0,0,0,0,0,0,9333.53948414,0,0,0,0,0,0,0,0,0,0,0,0,0,0,0,0,0,0,0,0,0,0,0,0,0,0,0,0,0,0,0,0,0,0,0,0,0,0,0,0,0,0,0,0,0,0,0,0,0,0,0,0,0,0,0,129.438654,0,0,0,0,0,0,0,0,0,0,0,0,0,0,0,0
0x25cd302e37a69d70a6ef645daea5a7de38c66e2a,0,0,0,0,0,0,0,0,5221.431912,0,0,0,0,0,0,0,0,0,0,0,0,0,0,0,0,0,0,0,0,0,0,0,0,0,0,0,0,0,0,0,0,0,0,0,0,0,0,0,0,0,0,0,382336.86622666,0,0,0,0,0,0,0,0,2534.8450989,0,0,0,0,0,0,0,0,58938.671478,0,0,34678.99593,0,76213.618292,0,0,0,0,10579.0,0,97812.467464,0,0,0,0,0,1304046.43603,0,0,0,0,0,0,0,0,0,0,0,0,0,0,2971.61580479,0,0,0,0,0,0,0,0,0,0,0,0,0,0.10987929,0,0,0,0,0,0,310.35549761,0,0,0,0,0,0,0,0,0
0x03b3e2069830dd3bd1a5b5e45dad60a770227ed7,0,0,0,0,0,0,0,0.0,0.0,0,0,0.0,0,0,0,0,0,0.0,0,0,0,0.0,0,0,0,0.0,0.0,0.0,0,0,0,0,0,0,0,0,0,0,0,0,0,0,0,0.0,0,0,0,0,0,0,0,0.0,376588.94710402,0,0.0,0.0,0,0,0,0.0,0,0,0,0,0,0.0,0,0,0,0,0.0,0,0,0.0,0,0.0,0,0,0,0.0,0.0,0,0.0,0,0.0,0,0.0,0.0,0.0,0,0.0,0,0,0.0,0.0,0,0,0,0.0,0,0.0,0,0,0.0,0,0,0,0.0,0,0,0,0,0,0,0,0,0.0,0.00456664,0,0,0,0,0,0.0,0,0,0.0,0,0,0.0,0,0,0.0,0.0
0xa87a233e8a7d8951ff790a2e39738086cb5f71b7,43767.41948,0,23430.09070147,0,0,0,322653.26528,0,160.041246,17477095.1996800005,0,124.8996508,0,0,0,0,0,0,15604.91463234,0,0,0,0,617.3678335,0,0,0,0,0,0,0,0,0,0,120895.91231237,0,0,0,724075.8933873,2072930.1862671999,1244.60418538,0,0,0,0,0,0,0,0,0,0,2.75927588,261011.52012323,570181.1297,0,1597.88472,46052.63157894,0,0,0,1795636.08632,2638.12095878,0,0,0,0,0,7642.6759258,0,2342.8215906,4565.329665,296978.28516837,150.51215926,20018.99408,0,1017.975175,3504.42477876,0,0,0,27553.786174,0,415.058118,0,0,17938.04729705,49.95931883,64310.59489,104985.03269,622033.81397,0,0,0,0,0,0,0,38555.91255,0,369272.74256,6000.0,0,0,955.59814355,0,0,0,0,0,0,8333.333333,0,2807.9772042,0.0024991251,0,0,0,318981.55190742,0,0,0,0,0,0,1483.27712247,8208.2802884,0,0,0,11772.91708,0,590558.44758,0,0
0xa57e1325a11e30c6918573300d73e8142e17f1bd,0,0,0,0,0,0,0,0,0,0,0,0,0,0,0,0,0,0,0,0,0,0,0,0,0,0,0,0,0,0,0,0,0,0,0,0,0,0,0,0,0,0,0,0,0,0,0,0,0,0,0,0,0.0,0,0,0,0,0,0,0,0,9993.61853236,0,0,0,0,0,0,0,0,0,0,0,0,0,0,3504.42477876,0,0,0,0,0,0,0,0,0,0,0,0,0,0,0,0,0,0,0,0,0,0,0,0,0,0,0,0,0,0,0,0,0,0,0,0,0,0,0,0,0,0,0,0,0,0,0,0,0,0,0,0,0,0,0,0,0
0xee5c571813227fe7bbeef6fdd9f3e0592aca4799,0,0,0,0,0,0,0,0,0,0,0,0,0,0,0,0,0,0,0,0,0,0,0,0,0,0,0,0,0,0,7162153.62724448,0,0,0,0,0,0,0,0,0,0,0,0,0,0,0,0,0,0,0,0,0,358373.2802642,0,0,0,0,0,0,0,0,0,0,0,0,0,0,0,0,0,0,0,0,0,0,0,0,0,0,0,0,0,0,0,0,0,0,0,0,0,0,0,0,0,0,0,0,0,0,0,0,0,0,267.00541001,0,0,0,0,0,0,0,0,0,0,0,0,0,0.00004687,0,0,0,0,0,0,0,0,0,0,0,0,0,0,0,0
0xea8f34a15f523523728291aa7ac4d758da013dc1,0,0,0,0,0,0,0,0,0,0,0,0,0,0,0,0,0,0,0,0,0,0,0,0,0,0,0,0,0,0,0,0,0,0,0,0,0,0,0,0,0,0,0,0,0,0,0,0,0,0,0,0,0.00000244,0,0,0,0,0,0,0,0,8584.45594572,0,0,0,0,0,0,0,0,0,0,0,0,0,0,0,0,0,0,0,0,0,0,0,0,0,0,0,0,0,0,0,0,0,0,0,0,0,0,0,0,0,0,0,0,0,0,0,0,0,0,0,0,0,0,0,106.978695,0,0,0,0,0,0,0,0,0,0,0,0,0,0,0,0
0xeaf97d4ac9d2cdd09df78d00fe9015aa27267af8,0,0,0,0,0,0,0,0,0,0,0,0,0,0,0,0,0,0,0,0,0,0,0,0,0,0,0,0,0,0,0,0,0,0,0,0,0,0,0,0,0,0,0,0,0,0,0,0,0,0,0,0,352284.18471,0,0,0,0,0,0,0,0,0,0,0,0,0,0,0,0,0,0,0,0,0,0,0,0,0,0,0,0,0,0,0,0,0,0,0,0,0,0,0,0,0,0,0,0,0,0,0,0,0,0,2737.4264796,0,0,0,0,0,0,0,0,0,0,0,0,0,0,0,0,0,0,0,0,0,0,0,0,0,0,0,0,0,0
0x0b40f443a5db715151848d9f556a8c644feb8474,0,0,0,0,0,0,0,0,0,0,0,0,0,0,0,0,0,0,0,0,0,0,0,0,0,0,0,0,0,0,0,0,0,0,0,0,0,0,0,0,0,0,0,0,0,0,0,0,0,0,0,0,350000.72148,0,0,0,0,0,0,0,0,0,0,0,0,0,0,0,0,0,0,0,0,0,0,0,0,0,0,0,0,0,0,0,0,0,0,0,0,0,0,0,0,0,0,0,0,0,0,0,0,0,0,0,0,0,0,0,0,0,0,0,0,0,0,0,0,42.37661511,0,0,0,0,0,0,0,0,0,0,0,0,0,0,0,0
0x7be1cba648ebe1ab8084244d23f28d68a86480d8,0,0,0,0,0,0,0,0,0,0,0,0,0,0,0,0,0,0,0,0,0,0,0,0,0,0,0,0,0,0,0,0,0,0,0,0,0,0,0,0,0,0,0,0,0,0,0,0,0,0,0,35.88619589,320611.99349946,0,0,0,0,0,0,0,0,2415.70365766,0,0,0,0.01000009,0,0,0,0,0,0,0,0,0,0,0,0,0,0,0,0,0,0,0,0,0,0,0,0,0,0,0,0,0,0,0,0,0,0,0,0,0,720.09451998,0,0,0,0,0,0,0,0,0,26.3202103489,0,0,0,663311.58755854,0,0,0,0,0,0,0,0,1.7335593,0,0,0,0,0,0,0
0xa0d66bab5f04cb3055cc2f6b0494cb33be32c2c2,0,0,0,0,0,0,0,0,0,0,0,0,0,0,0,0,0,0,0,0,0,0,0,0,0,0,0,0,0,0,0,0,0,0,0,0,0,0,0,0,0,0,0,0,0,0,0,0,0,0,0,0,144147.08966616,0,0,0,0.0,0,0,0,0,4884.77348007,0,0,0,0,0,0,0,0,0,0,0,0,0,0,0,0,0,0,0,0,0,0,0,0,0,0,0,0,0,0,0,0,0,0,0,0,0,0,0,0,0,0,0,0,0,0,0,0,0,0,0,6.24999294,0,0,0,2.24077751,0,0,0,0,0,0,0,0,0,0,0,0,0,0,0,0
0x8bff50aad8b4e06c5e148eaeb9d7aef69e26cdc3,0,0,0,0,0,0,0,0,0.225718,0,0,0,0,0.10392773,0,0,0,0,0,0,0,0,0,0,0,0,0,0,0,0,0,0,0,0,0,0,0,0,0,0,0,0,0,0,0,0,0,0,0,0,0,0,100000.0099213,0,0,0,0,0,0,0,0,2409.81250494,2031332.9745442499,0,0,0,0,0,0,0,0.821387,0,0,29002.95632,0,1492.872146,0,0,0,0,0,0,0.288541,0,0,0,0,0,1853938.4235400001,0,0,0,0,0,0,0,0,0,0,0,0,0,0,0,0,0,0,0,0,0,0,0,0,0,0.0,0,0,0.00308632,0.0447493,0,0,0,0,0,0,0,0,0,0,0,0,0,0,0
0x3c238634776662eae51dbb98ff7b624eb4cb5789,0,0,0,0,0,0,0,0,0,0,0,0,0,0,0,0,0,0,0,0,0,0,0,0,0,0,0,0,0,0,0,0,0,0,0,0,0,0,0,0,0,0,0,0,0,0,0,0,0,0,0,0,0.0,0,0,0,0,0,0,0,0,8338.32110352,0,0,0,0,0,0,0,0,0,0,0,0,0,0,0,0,0,0,0,0,0,0,0,0,0,0,0,0,0,0,0,0,0,0,0,0,0,0,0,0,0,0,0,0,0,0,0,0,0,0,0,0,0,0,0,10.25584,0,0,0,0,0,0,0,0,0,0,0,0,0,0,0,0
