class,hash,time,token,type,amount,from,to,px,fee,USDAmount,priority
TRANSFER,0xdf0f25b9d800eaead0010426aa339c018300568ab5274679e4b30551db13591b,1751442362012,USDC,InternalTransfer,5000,SPOT,PERP,1,0,5000,0
SPOT,0x0712f099caa6a1bd02c2042626a09902021000c4884011fdfc08fd90345814e8,1750774091653,HYPE,Sell,-0.3,0x9e875bd28ee5001478c16cb0c8329116a3c3e816,0xffffffffffffffffffffffffffffffffffffffff,37.079,0,-11.1237,0
SPOT,0xc3275ee10f84f2d81f33042626a0150205080083bac0cc1de65191c2228b3a30,1750774079979,HYPE,Buy,0.35,0xffffffffffffffffffffffffffffffffffffffff,0x9e875bd28ee5001478c16cb0c8329116a3c3e816,37.091,0,12.98185,0
SPOT,0x5b00ac167f1160dcc8ea0426269e1a0207ca00e010be33684d317cd7094b4908,1750774040367,HYPE,order,0.1,0x9e875bd28ee5001478c16cb0c8329116a3c3e816,limit,40.013,0,4.0013,-1
SPOT,0x0646c9405c033fffe34b0426269d8e02029d009f4dc7f6eb26a576fb4843f01f,1750774028254,HYPE,Buy,913.0000000000001,0xffffffffffffffffffffffffffffffffffffffff,0x9e875bd28ee5001478c16cb0c8329116a3c3e816,37.053138389923326,0,1055.3548799999999,0
SPOT,0x22e7ad2b5479168894aa0426269c3c02113800d45478d8584cad9e247de9596a,1750774000000,HYPE,Buy,1000,0xffffffffffffffffffffffffffffffffffffffff,0x9e875bd28ee5001478c16cb0c8329116a3c3e816,37.11950514,0,1601.24438,0
SPOT,0x8f56f914f153ae8119680426269c0b020124002047de847e61c5c2fd7d0725e1,1750773995214,HYPE,Buy,999.9999999999999,0xffffffffffffffffffffffffffffffffffffffff,0x9e875bd28ee5001478c16cb0c8329116a3c3e816,37.135947300000005,0,3194.5834200000004,0
SPOT,0x117954ac7f88c56d9bc80426269bce02068a0012f74b89922aaa02258e5e2f94,1750773989667,HYPE,Buy,999.9999999999999,0xffffffffffffffffffffffffffffffffffffffff,0x9e875bd28ee5001478c16cb0c8329116a3c3e816,37.12428804999999,0,1892.19576,0
SPOT,0xd04b195826d514f753290426269b710201c000a5ba8cc0b5425b2201a375caae,1750773981043,HYPE,Buy,1000,0xffffffffffffffffffffffffffffffffffffffff,0x9e875bd28ee5001478c16cb0c8329116a3c3e816,37.11718390000001,0,3843.6118800000004,0
SPOT,0x358aaaf7155f8f645be10426269ab0020980002c336b5a7a46f9feab4be489ec,1750773964767,HYPE,Buy,1000.0000000000002,0xffffffffffffffffffffffffffffffffffffffff,0x9e875bd28ee5001478c16cb0c8329116a3c3e816,37.18960405999998,0,213.13881000000003,0
SPOT,0x0ed4d320f20ba16650e60426269a4b020100007904ec08c1e43258a83590e5fd,1750773956069,HYPE,Buy,1000.0000000000002,0xffffffffffffffffffffffffffffffffffffffff,0x9e875bd28ee5001478c16cb0c8329116a3c3e816,37.15743308999999,0,3339.73676,0
TRANSFER,0x529c45fd605a6f4772540426269937020bcd003e7071a0f91d12a7f9f6ed26df,1750773933653,USDC,InternalTransfer,249999.93,PERP,SPOT,1,0,249999.93,0
DEPOSIT,0x82d26c70fcbb03bf6dd86f0eed04defad738cdc458729521b826817575d0884e,1750773917629,USDC,Deposit,249999.93,Arbitrum,0x9e875bd28ee5001478c16cb0c8329116a3c3e816,1,0,249999.93,0
FAILED,0xc006ceba818e84f8e2bd042626987602047a0081dcb5251e3271264f5a16d674,1750773917629,-,VoteEthDepositAction,,0x9e875bd28ee5001478c16cb0c8329116a3c3e816,Deposit has already been credited.,,0,-,-1
SPOT,0x22bb2763500f5dfb7ed904262688f7020321007838db27a6b7922a4eed3bea8c,1750773595722,HYPE,Buy,999.9999999999999,0xffffffffffffffffffffffffffffffffffffffff,0x9e875bd28ee5001478c16cb0c8329116a3c3e816,37.04618531,0,2009.5468799999996,0
SPOT,0xc6fce33effa33934e98b042626885d020194008a2fe4f117a7081db3f8675759,1750773583999,HYPE,Buy,1000.0000000000001,0xffffffffffffffffffffffffffffffffffffffff,0x9e875bd28ee5001478c16cb0c8329116a3c3e816,37.01383887999999,0,529.7562,0
SPOT,0x243ac4a51e35643119c904262684ec0201830009e4e9fdbd9b5e8f79f6278b11,1750773515724,HYPE,Buy,1000,0xffffffffffffffffffffffffffffffffffffffff,0x9e875bd28ee5001478c16cb0c8329116a3c3e816,36.94273922,0,6222.7168,0
SPOT,0x9df1e072c22bb7d8997104262680800204ad0032e47100f5b1844c0b12fc1baa,1750773424520,HYPE,Buy,1000.0000000000005,0xffffffffffffffffffffffffffffffffffffffff,0x9e875bd28ee5001478c16cb0c8329116a3c3e816,36.97926919999998,0,1394.3345000000002,0
SPOT,0x2afae1e83d701a41368f0426267e8d02029200bf3afaf37287d31890258c0c21,1750773384894,HYPE,Buy,1000,0xffffffffffffffffffffffffffffffffffffffff,0x9e875bd28ee5001478c16cb0c8329116a3c3e816,36.897110100000006,0,5405.7035000000005,0
SPOT,0x8c913e62a8a6cfa29ad90426267dfb02013300577fe9b04b44a39871754d42a9,1750773373303,HYPE,Buy,999.9999999999999,0xffffffffffffffffffffffffffffffffffffffff,0x9e875bd28ee5001478c16cb0c8329116a3c3e816,36.85326755,0,4881.9457600000005,0
SPOT,0x160b5da5696ef51979130426267d6a020450003e1fa4546971dba6e53830bfd2,1750773362949,HYPE,Buy,1000,0xffffffffffffffffffffffffffffffffffffffff,0x9e875bd28ee5001478c16cb0c8329116a3c3e816,36.88529417,0,6232.9034,0
SPOT,0xb8ac8e220c54ba7bd21e0426267c9c0201c6003010581da3a237daa8204f6ef6,1750773347990,HYPE,Buy,1000,0xffffffffffffffffffffffffffffffffffffffff,0x9e875bd28ee5001478c16cb0c8329116a3c3e816,36.891966020000005,0,13388.457600000002,0
SPOT,0x1875f67909412f69b4c90426267bf8020265002b11db49c7bffd51269fb3b6e2,1750773336051,HYPE,Buy,1000,0xffffffffffffffffffffffffffffffffffffffff,0x9e875bd28ee5001478c16cb0c8329116a3c3e816,36.899708440000005,0,820.62045,0
SPOT,0xe5673f00ea8155b5a85f0426267b1e0202e400e7c7dcd5b32ba0c705067bc752,1750773319642,HYPE,Buy,1000,0xffffffffffffffffffffffffffffffffffffffff,0x9e875bd28ee5001478c16cb0c8329116a3c3e816,36.90576060000001,0,2221.48452,0
SPOT,0x7ad35e74a55cf3dde8ea0426267a8e02017f00655b813070dd5af9d87ed2e286,1750773308916,HYPE,Buy,1000.0000000000001,0xffffffffffffffffffffffffffffffffffffffff,0x9e875bd28ee5001478c16cb0c8329116a3c3e816,36.92638636999999,0,1839.3131999999998,0
SPOT,0x47a1a0987b5ec4b1cec20426267a190202d200b3dbad3aebd99ebeb54561b720,1750773300032,HYPE,Buy,1000.0000000000001,0xffffffffffffffffffffffffffffffffffffffff,0x9e875bd28ee5001478c16cb0c8329116a3c3e816,36.936349029999995,0,9296.35252,0
SPOT,0xd3dff221ddfa2cf45070042626796c020159008735f6ac47782d8c50f0a4f609,1750773287414,HYPE,Buy,999.9999999999999,0xffffffffffffffffffffffffffffffffffffffff,0x9e875bd28ee5001478c16cb0c8329116a3c3e816,36.94891836000001,0,17106.741500000004,0
SPOT,0x451e1b4d838535ea931804262678e002015d00b089dad5cd3a5dcc43d061c8e7,1750773275724,HYPE,Buy,1000.0000000000001,0xffffffffffffffffffffffffffffffffffffffff,0x9e875bd28ee5001478c16cb0c8329116a3c3e816,36.9718045,0,157.165,0
SPOT,0x4f71d886d11e2b23d4c0042626781f01420017e2f94a7bbbe1fb6478ca3094a2,1750773260546,HYPE,Buy,1000.0000000000002,0xffffffffffffffffffffffffffffffffffffffff,0x9e875bd28ee5001478c16cb0c8329116a3c3e816,36.92390784,0,4.43124,0
SPOT,0x0e2cbd11867fea15301b04262677950203bf00740812f9e1e5a997eebc2a7dda,1750773248875,HYPE,Buy,1000,0xffffffffffffffffffffffffffffffffffffffff,0x9e875bd28ee5001478c16cb0c8329116a3c3e816,36.93618909999999,0,12841.3868,0
SPOT,0x0342ac3efbe72b98033604262676f40206ed00dae5b8eef24f9b414050894ffc,1750773234688,HYPE,Buy,1000.0000000000001,0xffffffffffffffffffffffffffffffffffffffff,0x9e875bd28ee5001478c16cb0c8329116a3c3e816,36.91167966999999,0,1110.8927099999999,0
SPOT,0x4f4987a24cd67d62ca2d04262675e40205d60051dd46ee34c48e3620476d3429,1750773213994,HYPE,Buy,1000,0xffffffffffffffffffffffffffffffffffffffff,0x9e875bd28ee5001478c16cb0c8329116a3c3e816,36.96557968,0,2809.27431,0
SPOT,0xec7e3ebcc955bb104c3d042626754502023500a08a42e9174a2199b31e28d9f4,1750773201309,HYPE,Buy,1000.0000000000002,0xffffffffffffffffffffffffffffffffffffffff,0x9e875bd28ee5001478c16cb0c8329116a3c3e816,36.99489552999999,0,1714.4879799999999,0
SPOT,0xbd6d3e1e41fb4814818004262674ad0201540033714be64a937cb4bf6bd9daeb,1750773188032,HYPE,Buy,1000,0xffffffffffffffffffffffffffffffffffffffff,0x9e875bd28ee5001478c16cb0c8329116a3c3e816,36.987589570000004,0,5102.632549999999,0
TRANSFER,0x9d442a5ae8861e6cf92f04262672b30201de007f528ed9383a7ea201c665e76f,1750773146739,USDC,InternalTransfer,749999.93,PERP,SPOT,1,0,749999.93,0
DEPOSIT,0x3f4a0645064384751498366bfa7d08a4d426feed8f055ab9c80c894d71142824,1750773066035,USDC,Deposit,749999.93,Arbitrum,0x9e875bd28ee5001478c16cb0c8329116a3c3e816,1,0,749999.93,0
FAILED,0x9ed4d0ae1b3fc4a00e870426266eba010900029db35e316151d59ca53ff975a2,1750773066035,-,VoteEthDepositAction,,0x9e875bd28ee5001478c16cb0c8329116a3c3e816,Deposit has already been credited.,,0,-,-1
SPOT,0x2a6ee40c1c401403b0ae0426265ebb02095a00039574f5b09761590aae629464,1750772747676,HYPE,Buy,20,0xffffffffffffffffffffffffffffffffffffffff,0x9e875bd28ee5001478c16cb0c8329116a3c3e816,37.171,0,743.42,0
SPOT,0xddfc6b33c02be007919f0426265e3602022300c732cb57187db79a7b2ee449b7,1750772737140,HYPE,Buy,1000,0xffffffffffffffffffffffffffffffffffffffff,0x9e875bd28ee5001478c16cb0c8329116a3c3e816,37.11456705000001,0,402.38079999999997,0
SPOT,0x02e65e0641f125b19cff0426265db302056f0075fcb72126f7570863d39b8b9d,1750772726590,HYPE,Buy,1000.0000000000001,0xffffffffffffffffffffffffffffffffffffffff,0x9e875bd28ee5001478c16cb0c8329116a3c3e816,37.149393079999996,0,19458.51222,0
SPOT,0xdabe90bc869d9465770d0426265d1802038c003e39bacbc84b48dad068dbade7,1750772714576,HYPE,Buy,999.9999999999999,0xffffffffffffffffffffffffffffffffffffffff,0x9e875bd28ee5001478c16cb0c8329116a3c3e816,37.07944228000001,0,2110.4210000000003,0
SPOT,0x558cb25a5a86ad31d91d0426265c8802088200828620b396fb9e956f3acf92e2,1750772703165,HYPE,Buy,999.9999999999999,0xffffffffffffffffffffffffffffffffffffffff,0x9e875bd28ee5001478c16cb0c8329116a3c3e816,37.04226933999999,0,1829.9488900000001,0
SPOT,0xd7f1669af7ba3484d7960426265bff020150004652ce71a167cffedf8b41be40,1750772691999,HYPE,Buy,1000.0000000000001,0xffffffffffffffffffffffffffffffffffffffff,0x9e875bd28ee5001478c16cb0c8329116a3c3e816,37.013667749999996,0,2885.3972,0
SPOT,0x4067862f702f5da22edc0426265b8f020589004c9ca431d2f5c10b8c5f2a3a32,1750772681805,HYPE,Buy,1000.0000000000002,0xffffffffffffffffffffffffffffffffffffffff,0x9e875bd28ee5001478c16cb0c8329116a3c3e816,37.017366759999994,0,3338.3639100000005,0
SPOT,0xa07ee7795a9dba60c4320426265acf02044f0032c68ca897aa09817429b5b9a1,1750772666923,HYPE,Buy,1000.0000000000001,0xffffffffffffffffffffffffffffffffffffffff,0x9e875bd28ee5001478c16cb0c8329116a3c3e816,36.98259824,0,1952.12108,0
SPOT,0xaceaa0dff570b0ce83b50426265a45020111004fb247f7aa087e46ad87ca8e9e,1750772655415,HYPE,Buy,1000,0xffffffffffffffffffffffffffffffffffffffff,0x9e875bd28ee5001478c16cb0c8329116a3c3e816,36.902880659999994,0,12171.15116,0
SPOT,0xdc4fb884d3ce8386bb59042626599f02030400c13e7b2f62927f60e6833a7dc1,1750772643472,HYPE,Buy,1000.0000000000001,0xffffffffffffffffffffffffffffffffffffffff,0x9e875bd28ee5001478c16cb0c8329116a3c3e816,36.91032626999999,0,304.2208,0
SPOT,0x45438efda22751f83dcd04262658fd0201900058e6489c60bf9a4a463ea31ab1,1750772630881,HYPE,Buy,1000,0xffffffffffffffffffffffffffffffffffffffff,0x9e875bd28ee5001478c16cb0c8329116a3c3e816,36.92811363,0,943.7403499999999,0
SPOT,0x6ea59577ed6e8ae085a704262658620203980006e9fa1c2f4d47204741e6c286,1750772618052,HYPE,Buy,1000,0xffffffffffffffffffffffffffffffffffffffff,0x9e875bd28ee5001478c16cb0c8329116a3c3e816,36.943057130000014,0,544.9830000000001,0
SPOT,0x89b0fc831f390931b0f404262657bc02014c003534e8d0f8027d02d96d092aa9,1750772605581,HYPE,Buy,1000.0000000000001,0xffffffffffffffffffffffffffffffffffffffff,0x9e875bd28ee5001478c16cb0c8329116a3c3e816,36.97268845999998,0,904.43296,0
SPOT,0xc14de99d41f3df2d211d042626570a0202e300cb07020d931a94750eb81c9ce0,1750772592290,HYPE,Buy,1000,0xffffffffffffffffffffffffffffffffffffffff,0x9e875bd28ee5001478c16cb0c8329116a3c3e816,36.943847700000006,0,13148.30165,0
SPOT,0x28ac7f8ae8cfbfa19452042626566e0203f800c157b41c82d6b66725df5ce348,1750772580483,HYPE,Buy,1000,0xffffffffffffffffffffffffffffffffffffffff,0x9e875bd28ee5001478c16cb0c8329116a3c3e816,36.977193109999995,0,99.48965,0
SPOT,0xdfe37e260e778377a6e004262655af02047b005ee79a04bb2b968ff9de19b7a9,1750772565113,HYPE,Buy,1000.0000000000001,0xffffffffffffffffffffffffffffffffffffffff,0x9e875bd28ee5001478c16cb0c8329116a3c3e816,36.94056805999999,0,1392.45705,0
SPOT,0xc565562334344fa3952504262654fc02037a002c0751da551e3eb40085557478,1750772550639,HYPE,Buy,1000,0xffffffffffffffffffffffffffffffffffffffff,0x9e875bd28ee5001478c16cb0c8329116a3c3e816,36.96791834999999,0,6252.10275,0
SPOT,0x0d94c42522827c0fadb7042626544402019500967a4ff5d47c7759f6b9900b56,1750772536897,HYPE,Buy,999.9999999999999,0xffffffffffffffffffffffffffffffffffffffff,0x9e875bd28ee5001478c16cb0c8329116a3c3e816,37.02347957999999,0,4679.22836,0
SPOT,0x6c39113575ae40b20f45042626535b02050b005a1dfa98e65b71f765cd8428f2,1750772518954,HYPE,Buy,10,0xffffffffffffffffffffffffffffffffffffffff,0x9e875bd28ee5001478c16cb0c8329116a3c3e816,37.017,0,370.17,0
SPOT,0x6a5b47590573164b8f7f04262652650201c200ac2f1662154e146556c485c708,1750772500477,HYPE,Buy,1000,0xffffffffffffffffffffffffffffffffffffffff,0x9e875bd28ee5001478c16cb0c8329116a3c3e816,37.00234051,0,14531.10076,0
SPOT,0x8ec6c2250a8a4fd34eff042626517d020150003035ddf09ad01cd684c1d1f438,1750772483501,HYPE,Buy,1000.0000000000001,0xffffffffffffffffffffffffffffffffffffffff,0x9e875bd28ee5001478c16cb0c8329116a3c3e816,37.06509483999999,0,984.6854399999999,0
SPOT,0xf1f595419748292f9a2b0426264e3e0203fd00d9ee262e0f9adbd03c3be75c50,1750772419099,HYPE,Buy,1000.0000000000001,0xffffffffffffffffffffffffffffffffffffffff,0x9e875bd28ee5001478c16cb0c8329116a3c3e816,37.17792924999999,0,2387.3412000000003,0
SPOT,0xefb45b88bb80802742a404262648a00205e4003d145e3c06765d244ebe8083d9,1750772303072,HYPE,Buy,531.9999999999999,0xffffffffffffffffffffffffffffffffffffffff,0x9e875bd28ee5001478c16cb0c8329116a3c3e816,37.44462315789474,0,8025.9636,0
SPOT,0xf002db6c7c712c85a02504262646c602024a000f2b5ec65d9e30783e94bc69fe,1750772265644,HYPE,Buy,1000.0000000000001,0xffffffffffffffffffffffffffffffffffffffff,0x9e875bd28ee5001478c16cb0c8329116a3c3e816,37.48767739,0,2844.97326,0
SPOT,0x31dcf16583d8601d736204262645fa0206a100f5f2eac4e3183c1f31dee80a09,1750772249950,HYPE,Buy,1000.0000000000001,0xffffffffffffffffffffffffffffffffffffffff,0x9e875bd28ee5001478c16cb0c8329116a3c3e816,37.43384162999999,0,2931.11632,0
SPOT,0xa5dbb737c657d10d3c46042626454702027500a87cf6a32dd41472b44a56ffa6,1750772235982,HYPE,Buy,1000.0000000000001,0xffffffffffffffffffffffffffffffffffffffff,0x9e875bd28ee5001478c16cb0c8329116a3c3e816,37.362779140000015,0,140.51496,0
SPOT,0x35e02230744bd282e40504262644780204a70072c0f4f282940bb0e29308d3e4,1750772219502,HYPE,Buy,1000,0xffffffffffffffffffffffffffffffffffffffff,0x9e875bd28ee5001478c16cb0c8329116a3c3e816,37.27452674,0,1208.0988,0
SPOT,0x5e2c04dbcc6572ba411404262643a302085e000dc851b9aa8e3685b722f4ecd7,1750772202211,HYPE,Buy,1000,0xffffffffffffffffffffffffffffffffffffffff,0x9e875bd28ee5001478c16cb0c8329116a3c3e816,37.20263861000001,0,9762.348619999999,0
SPOT,0x1726a861dcdf9b8cd2fb04262642810204860045d8d6c8efb8a4b3045ba3cd5b,1750772177878,HYPE,Buy,1000,0xffffffffffffffffffffffffffffffffffffffff,0x9e875bd28ee5001478c16cb0c8329116a3c3e816,37.03464959,0,1833.6779999999999,0
SPOT,0xca3d6ffc9373c3f09ef6042626413502021000a59ee35b8a5368cb1a809ed55d,1750772150837,HYPE,Buy,999.9999999999999,0xffffffffffffffffffffffffffffffffffffffff,0x9e875bd28ee5001478c16cb0c8329116a3c3e816,36.919343860000005,0,23985.8164,0
TRANSFER,0x7857566870c188df9e420426263bae0204ab00cbf431c2220cf7f69429b40acc,1750772036045,USDC,InternalTransfer,999999.92,PERP,SPOT,1,0,999999.92,0
DEPOSIT,0x0bebb99555d7adde7b69dffada577a4587c0b133daa6acafd4aa18b9e00bd903,1750772021945,USDC,Deposit,999999.92,Arbitrum,0x9e875bd28ee5001478c16cb0c8329116a3c3e816,1,0,999999.92,0
FAILED,0x32d51a834debb39c0d7f0426263af602015d00397c16fc645d4f3a2c90fe59dc,1750772021945,-,VoteEthDepositAction,,0x9e875bd28ee5001478c16cb0c8329116a3c3e816,Deposit has already been credited.,,0,-,-1
SPOT,0xb5d6040f84724f19b371042624a7bc0202c5003de68fb4b0c94f87916f833009,1750764059557,HYPE,Buy,1000.0000000000002,0xffffffffffffffffffffffffffffffffffffffff,0x9e875bd28ee5001478c16cb0c8329116a3c3e816,36.76439293999998,0,5816.227239999999,0
SPOT,0xb187aad9b95476410ce2042624a707020558006226a89ff3410c76f51828d504,1750764046237,HYPE,Buy,1000,0xffffffffffffffffffffffffffffffffffffffff,0x9e875bd28ee5001478c16cb0c8329116a3c3e816,36.69242928000001,0,2587.26496,0
SPOT,0x34ebcb837b30c11a0b10042624a69d0201f100c78f5e92a22715df9ffce648b8,1750764037490,HYPE,Buy,1000.0000000000001,0xffffffffffffffffffffffffffffffffffffffff,0x9e875bd28ee5001478c16cb0c8329116a3c3e816,36.71203896999999,0,5034.497920000001,0
SPOT,0x8fcd7d664aa4fb0dae23042624a61402040d00dbca8fd37a8f84f72b28128f41,1750764026882,HYPE,Buy,1000,0xffffffffffffffffffffffffffffffffffffffff,0x9e875bd28ee5001478c16cb0c8329116a3c3e816,36.68132991000001,0,10486.6931,0
SPOT,0xbeda1dd434fba1a83b11042624a5a80206990059fd2104c7b327f697bffc6ae1,1750764018335,HYPE,Buy,999.9999999999999,0xffffffffffffffffffffffffffffffffffffffff,0x9e875bd28ee5001478c16cb0c8329116a3c3e816,36.701263860000005,0,9826.09683,0
SPOT,0x15f9e192071e76577bc7042624a50c0203230073a36c242a39aad6d1b9196ceb,1750764006823,HYPE,Buy,999.9999999999999,0xffffffffffffffffffffffffffffffffffffffff,0x9e875bd28ee5001478c16cb0c8329116a3c3e816,36.70770364000001,0,4598.9295,0
SPOT,0x8d7aaed06ffd5cb2922d042624a48902016a0083f61a25701caaf271748b0571,1750763997356,HYPE,Buy,1000.0000000000001,0xffffffffffffffffffffffffffffffffffffffff,0x9e875bd28ee5001478c16cb0c8329116a3c3e816,36.71400452000001,0,10563.03424,0
SPOT,0xcc81ba9dea2f5cafd9ea042624a3c101f90014afd6c4270257b0ceac4deb9726,1750763982826,HYPE,Buy,999.9999999999999,0xffffffffffffffffffffffffffffffffffffffff,0x9e875bd28ee5001478c16cb0c8329116a3c3e816,36.70571098,0,1370.8260800000003,0
SPOT,0xa233f735282c21bad7df042624a3310203060089ad6572f85e5cf5e07815b41f,1750763971529,HYPE,Buy,1000.0000000000001,0xffffffffffffffffffffffffffffffffffffffff,0x9e875bd28ee5001478c16cb0c8329116a3c3e816,36.708917340000006,0,15720.812640000002,0
SPOT,0xa850504e087879a9a634042624a2a70202a4002c33d921e9c5ae86fbcd33fd3c,1750763961091,HYPE,Buy,1000,0xffffffffffffffffffffffffffffffffffffffff,0x9e875bd28ee5001478c16cb0c8329116a3c3e816,36.73224834,0,5521.67115,0
SPOT,0x361de683b92ac8765616042624a22c020315000bbe615cb074ee58d2bea37bd8,1750763951495,HYPE,Buy,1000,0xffffffffffffffffffffffffffffffffffffffff,0x9e875bd28ee5001478c16cb0c8329116a3c3e816,36.75102332999998,0,5019.2628,0
SPOT,0x14c07e3d4edfc30d4190042624a17902020d00c16a862219119ea52994d8099d,1750763937080,HYPE,Buy,1000.0000000000002,0xffffffffffffffffffffffffffffffffffffffff,0x9e875bd28ee5001478c16cb0c8329116a3c3e816,36.81227964,0,5.154800000000001,0
SPOT,0x730a495866d4935167e9042624a0d20202bc00f7cf1946a34c1ba1394b207aa1,1750763924050,HYPE,Buy,1000.0000000000001,0xffffffffffffffffffffffffffffffffffffffff,0x9e875bd28ee5001478c16cb0c8329116a3c3e816,36.80554436999999,0,2973.54755,0
SPOT,0x1d305d5bf58a06e58b0d042624a065020174009250b947206dd3441c6ba7d5bf,1750763914811,HYPE,Buy,1000,0xffffffffffffffffffffffffffffffffffffffff,0x9e875bd28ee5001478c16cb0c8329116a3c3e816,36.790160039999996,0,511.888,0
SPOT,0xfc4332aed1f7b00944ad0426249fd0020190005cbcc7f5e1e16cb0fc727442ae,1750763904702,HYPE,Buy,1000.0000000000001,0xffffffffffffffffffffffffffffffffffffffff,0x9e875bd28ee5001478c16cb0c8329116a3c3e816,36.806813749999996,0,61.10958,0
SPOT,0x26e5208d2b389ff2fba70426249f4a02018700448c90a977f4530572203b3894,1750763894304,HYPE,Buy,999.9999999999999,0xffffffffffffffffffffffffffffffffffffffff,0x9e875bd28ee5001478c16cb0c8329116a3c3e816,36.81846920000002,0,17285.719680000002,0
SPOT,0x5bca3895925a3009abc50426249eca01b80001d4a7e8442fba421710324f685d,1750763882622,HYPE,Buy,1000,0xffffffffffffffffffffffffffffffffffffffff,0x9e875bd28ee5001478c16cb0c8329116a3c3e816,36.804274529999994,0,735.5037599999999,0
SPOT,0x044b9db879d6edf54ee00426249e2f0203d600e74cb0f441fd42677e37521fb1,1750763871483,HYPE,Buy,1000.0000000000002,0xffffffffffffffffffffffffffffffffffffffff,0x9e875bd28ee5001478c16cb0c8329116a3c3e816,36.824711799999996,0,1171.2894,0
SPOT,0xea07367d7e1f6f3efed70426249dcd01aa00a0a23b805b488de3ab3122f9a8a7,1750763863474,HYPE,Buy,1000,0xffffffffffffffffffffffffffffffffffffffff,0x9e875bd28ee5001478c16cb0c8329116a3c3e816,36.83240384,0,355.43845,0
SPOT,0x1543fed0ecea180bad510426249d3302028a00e7c07c57023caf11ad3560a4cd,1750763851616,HYPE,Buy,1000,0xffffffffffffffffffffffffffffffffffffffff,0x9e875bd28ee5001478c16cb0c8329116a3c3e816,36.84477612,0,636.62401,0
SPOT,0x4d4113431c5f12d22e480426249cb50203d100e54b0652dc5330907dcb37c8de,1750763842315,HYPE,Buy,1000,0xffffffffffffffffffffffffffffffffffffffff,0x9e875bd28ee5001478c16cb0c8329116a3c3e816,36.80556389,0,6265.1488899999995,0
SPOT,0x4a6726c5810d850130b30426249c230201ac0044297b15f2be510b5d302c2224,1750763831968,HYPE,Buy,999.9999999999999,0xffffffffffffffffffffffffffffffffffffffff,0x9e875bd28ee5001478c16cb0c8329116a3c3e816,36.84849482,0,5212.089779999999,0
SPOT,0x29f0e20147f3da4fdb5a0426249ba80207f100dc2b84a767cba1dd4b3e47b982,1750763822617,HYPE,Buy,1000,0xffffffffffffffffffffffffffffffffffffffff,0x9e875bd28ee5001478c16cb0c8329116a3c3e816,36.86748216,0,605.5203400000001,0
TRANSFER,0x443056fa15a028a0ce850426249af00202d800cbce2ce7e0e9b4d0306db16ace,1750763808278,USDC,InternalTransfer,879999.83,PERP,SPOT,1,0,879999.83,0
DEPOSIT,0x485574a44c9ceefbd6a4cc36526178279a22cb4a8707396505e611fea7212efa,1750763798250,USDC,Deposit,879999.83,Arbitrum,0x9e875bd28ee5001478c16cb0c8329116a3c3e816,1,0,879999.83,0
FAILED,0x16792fd651ac1a15239c0426249a6802020400fd61edd644cafab756cab48f21,1750763798250,-,VoteEthDepositAction,,0x9e875bd28ee5001478c16cb0c8329116a3c3e816,Deposit has already been credited.,,0,-,-1
SPOT,0x1f1b09e30baf8f595976042624890102016000d85b00f6e16e214370d9d0ae9a,1750763448115,HYPE,Buy,1000.0000000000002,0xffffffffffffffffffffffffffffffffffffffff,0x9e875bd28ee5001478c16cb0c8329116a3c3e816,36.94022712,0,5572.866840000001,0
SPOT,0xfd45e0bebeb248695b2e04262488760203ac00409a45c191e4bf963f456a5e73,1750763437126,HYPE,Buy,1000.0000000000002,0xffffffffffffffffffffffffffffffffffffffff,0x9e875bd28ee5001478c16cb0c8329116a3c3e816,36.958607939999986,0,13392.06453,0
SPOT,0x3ebc50b57ecfbe3dcc7504262487c702021e00fe2ba384aa4df8fc2a8e407ac3,1750763422977,HYPE,Buy,1000,0xffffffffffffffffffffffffffffffffffffffff,0x9e875bd28ee5001478c16cb0c8329116a3c3e816,36.94626183000001,0,53.954299999999996,0
SPOT,0xfa7707dbc06e199841f6042624871d01fa002af3a8cfa75ee03d9371b3722937,1750763409822,HYPE,Buy,1000.0000000000002,0xffffffffffffffffffffffffffffffffffffffff,0x9e875bd28ee5001478c16cb0c8329116a3c3e816,36.99413697,0,4190.84652,0
SPOT,0x44b33968a4ba795333af042624867d016600456c6227b9e6c98b84d5f2d8ca61,1750763398033,HYPE,Buy,1000.0000000000002,0xffffffffffffffffffffffffffffffffffffffff,0x9e875bd28ee5001478c16cb0c8329116a3c3e816,36.966710739999996,0,7716.730129999999,0
SPOT,0xf314da6903b54de1ed7b04262485cb01a10005ebad42a9ea23963d41a845641c,1750763384837,HYPE,Buy,1000.0000000000002,0xffffffffffffffffffffffffffffffffffffffff,0x9e875bd28ee5001478c16cb0c8329116a3c3e816,36.957009449999994,0,3134.06226,0
SPOT,0x911594c90880a3820b7d042624854102027400ffe1a551ead65f51449fd6dc5a,1750763374740,HYPE,Buy,1000,0xffffffffffffffffffffffffffffffffffffffff,0x9e875bd28ee5001478c16cb0c8329116a3c3e816,36.94002057000001,0,7438.203189999999,0
SPOT,0x1ed0776e14dd5a97b48704262484b002031300312b27592e971dd53759ee638a,1750763364554,HYPE,Buy,1000.0000000000001,0xffffffffffffffffffffffffffffffffffffffff,0x9e875bd28ee5001478c16cb0c8329116a3c3e816,36.91678542,0,3092.0651700000003,0
SPOT,0x5930402f284373400afe042624843002012400ab612e60fb305b18d7ee677690,1750763354562,HYPE,Buy,1000.0000000000002,0xffffffffffffffffffffffffffffffffffffffff,0x9e875bd28ee5001478c16cb0c8329116a3c3e816,36.90023377999999,0,2023.6108099999997,0
SPOT,0xabd32eb2be9452331dd5042624839502022000dcbf7918cc23adfccf561bfc4c,1750763342230,HYPE,Buy,1000.0000000000001,0xffffffffffffffffffffffffffffffffffffffff,0x9e875bd28ee5001478c16cb0c8329116a3c3e816,36.88445388999999,0,7098.951059999999,0
SPOT,0x185d967263e71c4a7aab04262482f402047300b60723e7a4423b8dd8c6e3bbbe,1750763329588,HYPE,Buy,1000,0xffffffffffffffffffffffffffffffffffffffff,0x9e875bd28ee5001478c16cb0c8329116a3c3e816,36.89195682000001,0,4712.75442,0
SPOT,0x0b967cd213cb7512d49f04262482190201b600beebfc47386c6a3bcdd75553de,1750763312313,HYPE,Buy,1000.0000000000001,0xffffffffffffffffffffffffffffffffffffffff,0x9e875bd28ee5001478c16cb0c8329116a3c3e816,36.89860897999999,0,2911.1452799999997,0
SPOT,0xbc668f8878e17f832a0f042624812f0201dc00971b725ac3d047b5d6fc1d408d,1750763295121,HYPE,Buy,1000.0000000000002,0xffffffffffffffffffffffffffffffffffffffff,0x9e875bd28ee5001478c16cb0c8329116a3c3e816,36.887322979999986,0,3953.8825199999997,0
SPOT,0x8fd4d2602e6ddd9aaa850426248086020ae1008e4122fc3e3735aded7df19089,1750763281767,HYPE,Buy,1000.0000000000001,0xffffffffffffffffffffffffffffffffffffffff,0x9e875bd28ee5001478c16cb0c8329116a3c3e816,36.95835045999999,0,4265.8529100000005,0
SPOT,0xf5eb369aad13dcfd84710426247f9002054600b9f36d366231faef14be6d479f,1750763262289,HYPE,Buy,1000,0xffffffffffffffffffffffffffffffffffffffff,0x9e875bd28ee5001478c16cb0c8329116a3c3e816,37.04930248999999,0,403.51806000000005,0
SPOT,0x077e60606ce5f7c30c480426247eec01e900e52b71dc221b04a1d8d1dfd6c9d3,1750763248853,HYPE,Buy,1000.0000000000001,0xffffffffffffffffffffffffffffffffffffffff,0x9e875bd28ee5001478c16cb0c8329116a3c3e816,37.07933706000001,0,5248.552240000001,0
SPOT,0xdc194fc740ce3060ee0c0426247e600203dc00aafbb769a13a806fe7d99c0f82,1750763237318,HYPE,Buy,1000,0xffffffffffffffffffffffffffffffffffffffff,0x9e875bd28ee5001478c16cb0c8329116a3c3e816,37.068292,0,203.56371000000001,0
SPOT,0xc624ebc2f0b959b9c6ae0426247d18020148005e919abccbc4d70014fae4c4f8,1750763212235,HYPE,Buy,1000,0xffffffffffffffffffffffffffffffffffffffff,0x9e875bd28ee5001478c16cb0c8329116a3c3e816,37.11496004999999,0,13985.331199999999,0
SPOT,0xa8bf6acdf75f4b437fca0426247c450201190056568646e363b228e44ceb1d45,1750763195456,HYPE,Buy,1000.0000000000001,0xffffffffffffffffffffffffffffffffffffffff,0x9e875bd28ee5001478c16cb0c8329116a3c3e816,37.135098579999976,0,2343.1066,0
SPOT,0x6bde4624dede39f691e90426247abc01e900990f411fc0ad92f9b1e4c26815c3,1750763166494,HYPE,Buy,999.9999999999998,0xffffffffffffffffffffffffffffffffffffffff,0x9e875bd28ee5001478c16cb0c8329116a3c3e816,37.09876307000001,0,10189.033,0
SPOT,0x5fd0dd4cc31d331688b4042624799d02029600a23247e6441ebc90400cb09e1e,1750763145095,HYPE,Buy,1000.0000000000001,0xffffffffffffffffffffffffffffffffffffffff,0x9e875bd28ee5001478c16cb0c8329116a3c3e816,37.052010839999994,0,2007.7568800000001,0
SPOT,0xe34861f6cf8c2b75ce4e042624788101d90067cc7fc951f0410c6c24ce6eb3a6,1750763122873,HYPE,Buy,1000.0000000000001,0xffffffffffffffffffffffffffffffffffffffff,0x9e875bd28ee5001478c16cb0c8329116a3c3e816,37.06176357,0,1393.24092,0
SPOT,0xad0c928f37d6cde8510204262476ab01a4005869a18ebbb546b7f1b254fa1a4f,1750763085514,HYPE,Buy,1000.0000000000001,0xffffffffffffffffffffffffffffffffffffffff,0x9e875bd28ee5001478c16cb0c8329116a3c3e816,37.096239080000004,0,55.656,0
SPOT,0x12df6e8fe3ac9f33681804262475bb02015f00bc2e08112cef0476bdc964e833,1750763067205,HYPE,Buy,1000,0xffffffffffffffffffffffffffffffffffffffff,0x9e875bd28ee5001478c16cb0c8329116a3c3e816,37.14508558,0,8633.10344,0
SPOT,0x3deed6605307ca12203104262474a80201d0003a03f7ecda919e3df2b61ebbb8,1750763045257,HYPE,Buy,1000.0000000000002,0xffffffffffffffffffffffffffffffffffffffff,0x9e875bd28ee5001478c16cb0c8329116a3c3e816,37.08857705999999,0,144.6627,0
SPOT,0x2e03794ef61ce3498bd6042624731e0201d2003fa110c788722099f3862a715b,1750763015437,HYPE,Buy,1000,0xffffffffffffffffffffffffffffffffffffffff,0x9e875bd28ee5001478c16cb0c8329116a3c3e816,37.061329,0,30566.884499999996,0
SPOT,0x305bfd28facf1b28bb620426246d010203780049f91eaa6b9b0c89f475fd5aa1,1750762899171,HYPE,Buy,1000,0xffffffffffffffffffffffffffffffffffffffff,0x9e875bd28ee5001478c16cb0c8329116a3c3e816,37.03628602999999,0,1147.22171,0
TRANSFER,0x081d90c118f68e55d7b5042624649d01cc00c782f424214aa96ae827cd2b98ea,1750762736946,USDC,InternalTransfer,999999.83,PERP,SPOT,1,0,999999.83,0
DEPOSIT,0x3d53857cc84ba89052382e6f0f0dcbdc7e94232377d73fafe10508d761c43ed8,1750762724582,USDC,Deposit,999999.83,Arbitrum,0x9e875bd28ee5001478c16cb0c8329116a3c3e816,1,0,999999.83,0
FAILED,0x97577475c1b00c149e1904262463ea02013a00f8232fecca9d54ac8303402055,1750762724582,-,VoteEthDepositAction,,0x9e875bd28ee5001478c16cb0c8329116a3c3e816,Deposit has already been credited.,,0,-,-1
SPOT,0x16c1632a43c95516f66d042535b8210201ec00c7de843f0e8d24a476bc5acc97,1749544298579,HYPE,Buy,160,0xffffffffffffffffffffffffffffffffffffffff,0x9e875bd28ee5001478c16cb0c8329116a3c3e816,39.183456125,0,771.9642,0
SPOT,0xcbc68e408ac60a5e7c1b042535b5f702035000b98d7479094fa36d45d2c293da,1749544255015,HYPE,Buy,16.82,0xffffffffffffffffffffffffffffffffffffffff,0x9e875bd28ee5001478c16cb0c8329116a3c3e816,39.2,0,659.344,0
SPOT,0x08057aedbaf5b16dc858042535b5f60202a800ed2c53e9e313c5b0047094b460,1749544254920,HYPE,Buy,65.27,0xffffffffffffffffffffffffffffffffffffffff,0x9e875bd28ee5001478c16cb0c8329116a3c3e816,39.2,0,2558.584,0
SPOT,0x16c094a905c6ec1e4a9a042535b5f60202a700538c21fe4ece67b3eee9bc87a8,1749544254920,HYPE,Buy,8,0xffffffffffffffffffffffffffffffffffffffff,0x9e875bd28ee5001478c16cb0c8329116a3c3e816,39.2,0,313.6,0
SPOT,0xadee4dd6e2a28970b5c6042535b5f402061500df0b328741681e35617e31830a,1749544254778,HYPE,Buy,1,0xffffffffffffffffffffffffffffffffffffffff,0x9e875bd28ee5001478c16cb0c8329116a3c3e816,39.2,0,39.2,0
SPOT,0x6aa869d1bc86065b4ce6042535b5f002038e0091f4ae06f2105584ceaf72a391,1749544254494,HYPE,Buy,181.44,0xffffffffffffffffffffffffffffffffffffffff,0x9e875bd28ee5001478c16cb0c8329116a3c3e816,39.2,0,7112.448,0
SPOT,0x2dfe10f08be50edff00c042535b5f002038d006867b63408e7e40ef43764aa60,1749544254494,HYPE,Buy,125.75,0xffffffffffffffffffffffffffffffffffffffff,0x9e875bd28ee5001478c16cb0c8329116a3c3e816,39.2,0,4929.400000000001,0
SPOT,0xdcfbc3652d1020a8d1e6042535b5eb02020900d5bf554dc1d576fc973688de31,1749544254172,HYPE,Buy,9.36,0xffffffffffffffffffffffffffffffffffffffff,0x9e875bd28ee5001478c16cb0c8329116a3c3e816,39.2,0,366.912,0
SPOT,0x54eebda63e60e51882ec042535b5eb0202080101f3f20e3e30f923172e37665a,1749544254172,HYPE,Buy,4.51,0xffffffffffffffffffffffffffffffffffffffff,0x9e875bd28ee5001478c16cb0c8329116a3c3e816,39.2,0,176.792,0
SPOT,0x92d91eda4de147903986042535b5eb0202070075c65158565ff88789fb3a8bb6,1749544254172,HYPE,Buy,1,0xffffffffffffffffffffffffffffffffffffffff,0x9e875bd28ee5001478c16cb0c8329116a3c3e816,39.2,0,39.2,0
SPOT,0x0cdc6278038cd8ec9a30042535b5e701cd005c8f574aefae48727d73fcb326cd,1749544253903,HYPE,Buy,14.49,0xffffffffffffffffffffffffffffffffffffffff,0x9e875bd28ee5001478c16cb0c8329116a3c3e816,39.2,0,568.008,0
SPOT,0x20e02b45b76c8a2660cb042535b5e402015400ef9619566969e263e1f9a27a2c,1749544253732,HYPE,Buy,81.21,0xffffffffffffffffffffffffffffffffffffffff,0x9e875bd28ee5001478c16cb0c8329116a3c3e816,39.2,0,3183.432,0
SPOT,0x499e6053a84a8a395731042535b5e40201530098c77ebfd4ce598bebc4260387,1749544253732,HYPE,Buy,33.57,0xffffffffffffffffffffffffffffffffffffffff,0x9e875bd28ee5001478c16cb0c8329116a3c3e816,39.2,0,1315.9440000000002,0
SPOT,0xaf450694404554f68d1e042535b5e10202900067b0f07497e31392557c839b69,1749544253565,HYPE,Buy,5,0xffffffffffffffffffffffffffffffffffffffff,0x9e875bd28ee5001478c16cb0c8329116a3c3e816,39.2,0,196,0
SPOT,0xbbf3b916be2bdbeaf828042535b5e102028500aa97e9e2defe70f8ca75e35d7c,1749544253565,HYPE,Buy,5,0xffffffffffffffffffffffffffffffffffffffff,0x9e875bd28ee5001478c16cb0c8329116a3c3e816,39.2,0,196,0
SPOT,0x02c45a3fe4f3e892eec9042535b5dd01c2000112fbeb303e54af471bd6bee7ab,1749544253314,HYPE,Buy,1,0xffffffffffffffffffffffffffffffffffffffff,0x9e875bd28ee5001478c16cb0c8329116a3c3e816,39.2,0,39.2,0
SPOT,0xb485b82d5f5373f0ae04042535b5dc01b600c46412f5ce96a66fcaf9e8e4a761,1749544253263,HYPE,Buy,4.49,0xffffffffffffffffffffffffffffffffffffffff,0x9e875bd28ee5001478c16cb0c8329116a3c3e816,39.2,0,176.008,0
SPOT,0x149b9f953c4a72ba4708042535b5da020195002f283c50f58376277e5fcb58a4,1749544253113,HYPE,Buy,8.4,0xffffffffffffffffffffffffffffffffffffffff,0x9e875bd28ee5001478c16cb0c8329116a3c3e816,39.2,0,329.28000000000003,0
SPOT,0x40482b230668e49705e5042535b5da02018b0094937bd926f9da182dc799fe0b,1749544253113,HYPE,Buy,2.04,0xffffffffffffffffffffffffffffffffffffffff,0x9e875bd28ee5001478c16cb0c8329116a3c3e816,39.2,0,79.968,0
SPOT,0xc32864f906ca5fbe3858042535b5d80184004fec8d92a84b75edb21c80beb1d7,1749544252970,HYPE,Buy,70.74,0xffffffffffffffffffffffffffffffffffffffff,0x9e875bd28ee5001478c16cb0c8329116a3c3e816,39.2,0,2773.008,0
SPOT,0x4b719e97dabaedf0e20f042535b5d80183005728d6fdc8d9dfce19d72202025f,1749544252970,HYPE,Buy,41.39,0xffffffffffffffffffffffffffffffffffffffff,0x9e875bd28ee5001478c16cb0c8329116a3c3e816,39.2,0,1622.488,0
SPOT,0xcca3fc6d91121f4278b7042535b5d70201520087398960f07075e24d07072cc2,1749544252912,HYPE,Buy,5.1,0xffffffffffffffffffffffffffffffffffffffff,0x9e875bd28ee5001478c16cb0c8329116a3c3e816,39.2,0,199.92,0
SPOT,0x3779617b792e991c7b5f042535b5d7020151004e8aee7901513bf9148ae201d1,1749544252912,HYPE,Buy,33.42,0xffffffffffffffffffffffffffffffffffffffff,0x9e875bd28ee5001478c16cb0c8329116a3c3e816,39.2,0,1310.064,0
SPOT,0x4ef1c8dc090b71b156c2042535b5d702014f0077b6b167683e892abf1ae874de,1749544252912,HYPE,Buy,308.56,0xffffffffffffffffffffffffffffffffffffffff,0x9e875bd28ee5001478c16cb0c8329116a3c3e816,39.2,0,12095.552000000001,0
SPOT,0x09a2d960c6b16cece9a5042535b5d702014500d52d43783190fa525ccc871083,1749544252912,HYPE,Buy,50.52,0xffffffffffffffffffffffffffffffffffffffff,0x9e875bd28ee5001478c16cb0c8329116a3c3e816,39.2,0,1980.3840000000002,0
SPOT,0x7173d5da88abdfbbfd59042535b5d7020143004299af7bfecb75eac36fbbc939,1749544252912,HYPE,Buy,208.78,0xffffffffffffffffffffffffffffffffffffffff,0x9e875bd28ee5001478c16cb0c8329116a3c3e816,39.2,0,8184.176,0
SPOT,0xba2feb4d73d9fe6ec002042535b5d702014200d676794573cd40f84051ec2595,1749544252912,HYPE,Buy,210.82,0xffffffffffffffffffffffffffffffffffffffff,0x9e875bd28ee5001478c16cb0c8329116a3c3e816,39.2,0,8264.144,0
SPOT,0x4e5d5cf08696f7c3483e042535b5d401de000071787091a303179e397bd1fd87,1749544252702,HYPE,Buy,1,0xffffffffffffffffffffffffffffffffffffffff,0x9e875bd28ee5001478c16cb0c8329116a3c3e816,39.2,0,39.2,0
SPOT,0x6339fbdaaa6b71e4627f042535b5d20201fe00b63f93d91c4da70faffd76321a,1749544252557,HYPE,Buy,5.09,0xffffffffffffffffffffffffffffffffffffffff,0x9e875bd28ee5001478c16cb0c8329116a3c3e816,39.2,0,199.52800000000002,0
SPOT,0xbee6b0b1dc5d9aabde93042535b5cf0201c70077be4b439eb8e02065933b4c05,1749544252355,HYPE,Buy,5,0xffffffffffffffffffffffffffffffffffffffff,0x9e875bd28ee5001478c16cb0c8329116a3c3e816,39.2,0,196,0
SPOT,0xe22b93b74245c3856d7d042535b5cf0201c000f8fa9d9b957370b49406029d26,1749544252355,HYPE,Buy,8.65,0xffffffffffffffffffffffffffffffffffffffff,0x9e875bd28ee5001478c16cb0c8329116a3c3e816,39.2,0,339.08000000000004,0
SPOT,0xa07757c08c366988c03a042535b5cb0201ff0061e6a9723fe7847ce872199607,1749544252095,HYPE,Buy,500,0xffffffffffffffffffffffffffffffffffffffff,0x9e875bd28ee5001478c16cb0c8329116a3c3e816,39.2,0,19600,0
SPOT,0xa358fe565b18d6a2f0c2042535b5c902015200324ea58917caf9c638510b680a,1749544251955,HYPE,Buy,1,0xffffffffffffffffffffffffffffffffffffffff,0x9e875bd28ee5001478c16cb0c8329116a3c3e816,39.2,0,39.2,0
SPOT,0x57f7198f03b535f5ce7d042535b5c60201120033f5528d37638c54127bf89969,1749544251752,HYPE,Buy,11.34,0xffffffffffffffffffffffffffffffffffffffff,0x9e875bd28ee5001478c16cb0c8329116a3c3e816,39.2,0,444.528,0
SPOT,0x979654d1d1ec9b52f313042535b5c602010600b91d565a06e2915e016f75ed5d,1749544251752,HYPE,Buy,184.38,0xffffffffffffffffffffffffffffffffffffffff,0x9e875bd28ee5001478c16cb0c8329116a3c3e816,39.2,0,7227.696,0
SPOT,0x979dd88e69f59d1bb1e9042535b5c501e00056c0341cb505eb7fd53446fd97ee,1749544251679,HYPE,Buy,110,0xffffffffffffffffffffffffffffffffffffffff,0x9e875bd28ee5001478c16cb0c8329116a3c3e816,39.2,0,4312,0
SPOT,0xa7d27dbc2ddd17a5cb46042535b5c301f1002dff09cd259a3cdff5de62de1770,1749544251555,HYPE,Buy,1.3,0xffffffffffffffffffffffffffffffffffffffff,0x9e875bd28ee5001478c16cb0c8329116a3c3e816,39.2,0,50.96000000000001,0
SPOT,0xe111ca330ea8e0f3ccbc042535b5c00202820011be9f2aa71abc2c221358b193,1749544251353,HYPE,Buy,11.28,0xffffffffffffffffffffffffffffffffffffffff,0x9e875bd28ee5001478c16cb0c8329116a3c3e816,39.2,0,442.176,0
SPOT,0x59ce74ffdc254580b457042535b5bd02013500dd4082c7a89bb93545f5e40b9d,1749544251139,HYPE,Buy,76.53,0xffffffffffffffffffffffffffffffffffffffff,0x9e875bd28ee5001478c16cb0c8329116a3c3e816,39.2,0,2999.976,0
SPOT,0x7f4d222b494301056ba6042535b5bc02019f009ecd883e6c5792de9f22d4bb63,1749544251085,HYPE,Buy,9,0xffffffffffffffffffffffffffffffffffffffff,0x9e875bd28ee5001478c16cb0c8329116a3c3e816,39.2,0,352.8,0
SPOT,0x8a50abb9aaf07a9574ba042535b5bc02019d0026094ac4dd229762b588cab446,1749544251085,HYPE,Buy,5.1,0xffffffffffffffffffffffffffffffffffffffff,0x9e875bd28ee5001478c16cb0c8329116a3c3e816,39.2,0,199.92,0
SPOT,0x97aa6a7f15e0d7ef9e6f042535b5bc02019c00acc65c80ef4e3abf95d61a719f,1749544251085,HYPE,Buy,9.51,0xffffffffffffffffffffffffffffffffffffffff,0x9e875bd28ee5001478c16cb0c8329116a3c3e816,39.2,0,372.79200000000003,0
SPOT,0xa92bded25880ba05dd0c042535b5ba02014300ee4668db50f599cd73950e9448,1749544250950,HYPE,Buy,2.6,0xffffffffffffffffffffffffffffffffffffffff,0x9e875bd28ee5001478c16cb0c8329116a3c3e816,39.2,0,101.92000000000002,0
SPOT,0x5012a35fedfdef96546a042535b5ba02013e009c0d1d3a8352ec25e58b27adae,1749544250950,HYPE,Buy,11.34,0xffffffffffffffffffffffffffffffffffffffff,0x9e875bd28ee5001478c16cb0c8329116a3c3e816,39.2,0,444.528,0
SPOT,0xdad3e3c369a5a6482385042535b5b902014e00c4c7d8414d7fc0a5787400a099,1749544250883,HYPE,Buy,45.41,0xffffffffffffffffffffffffffffffffffffffff,0x9e875bd28ee5001478c16cb0c8329116a3c3e816,39.2,0,1780.072,0
SPOT,0x490752bb9995be168c7b042535b5b70203900096e0fa3f6f9ab62be721ba6454,1749544250753,HYPE,Buy,1,0xffffffffffffffffffffffffffffffffffffffff,0x9e875bd28ee5001478c16cb0c8329116a3c3e816,39.2,0,39.2,0
SPOT,0xad427a2f596dedc32f47042535b5b40202420017189e18e49375d63dba8531da,1749544250550,HYPE,Buy,13.61,0xffffffffffffffffffffffffffffffffffffffff,0x9e875bd28ee5001478c16cb0c8329116a3c3e816,39.2,0,533.5120000000001,0
SPOT,0x2258bb9c888887510f5a042535b5b4020241001f3671bac0bb0f201cbda79c13,1749544250550,HYPE,Buy,176.35,0xffffffffffffffffffffffffffffffffffffffff,0x9e875bd28ee5001478c16cb0c8329116a3c3e816,39.2,0,6912.92,0
SPOT,0x80762acfebcbd72bc94b042535b5b302010400be25b58de8cfca56bb50c24a81,1749544250481,HYPE,Buy,1,0xffffffffffffffffffffffffffffffffffffffff,0x9e875bd28ee5001478c16cb0c8329116a3c3e816,39.2,0,39.2,0
SPOT,0x313a8290963c16f256a3042535b5ae02021000ba316efe1df879dc8eb3e0fa6e,1749544250153,HYPE,Buy,3.69,0xffffffffffffffffffffffffffffffffffffffff,0x9e875bd28ee5001478c16cb0c8329116a3c3e816,39.2,0,144.648,0
SPOT,0x2150bccf84d91beed51d042535b5ab020401006b7fa9fff01c2e760e216ca8d5,1749544249951,HYPE,Buy,2876.4700000000007,0xffffffffffffffffffffffffffffffffffffffff,0x9e875bd28ee5001478c16cb0c8329116a3c3e816,39.198277823165185,0,67.032,0
SPOT,0x7b64ec5cf4b4dca0cf89042535b4f20202e300198ef2b9abbe455cb7b465eba6,1749544236142,HYPE,Buy,9999.99999999997,0xffffffffffffffffffffffffffffffffffffffff,0x9e875bd28ee5001478c16cb0c8329116a3c3e816,39.174172104000135,0,173091.52000000002,0
SPOT,0xa191df8c27adfa448bab042535b48c01cb01013fd7bb34622742ff95341b6b69,1749544228200,HYPE,Buy,7.52,0xffffffffffffffffffffffffffffffffffffffff,0x9e875bd28ee5001478c16cb0c8329116a3c3e816,39.1,0,294.032,0
SPOT,0xd7b2db2dedd2af715872042535b48c01cb00925f9eaae1e0d0f45212c5b8273a,1749544228200,HYPE,Buy,206.93,0xffffffffffffffffffffffffffffffffffffffff,0x9e875bd28ee5001478c16cb0c8329116a3c3e816,39.1,0,8090.963000000001,0
SPOT,0xcf66a64569b6d7f2e099042535b48b020189005ddf646da4ed9e9e026725dfba,1749544228113,HYPE,Buy,59.99,0xffffffffffffffffffffffffffffffffffffffff,0x9e875bd28ee5001478c16cb0c8329116a3c3e816,39.1,0,2345.6090000000004,0
SPOT,0x5442804589cca2bf4dcf042535b48b02018700278c3d6b74d379f855726740c1,1749544228113,HYPE,Buy,54.99,0xffffffffffffffffffffffffffffffffffffffff,0x9e875bd28ee5001478c16cb0c8329116a3c3e816,39.1,0,2150.1090000000004,0
SPOT,0x95320187f1c4fad8d788042535b48b020185005bdba993bcf31208a815f557fe,1749544228113,HYPE,Buy,53.59,0xffffffffffffffffffffffffffffffffffffffff,0x9e875bd28ee5001478c16cb0c8329116a3c3e816,39.1,0,2095.369,0
SPOT,0x760167484c05d0fd236d042535b48b0201840034509a6e1ff2e065d4e1870413,1749544228113,HYPE,Buy,46.56,0xffffffffffffffffffffffffffffffffffffffff,0x9e875bd28ee5001478c16cb0c8329116a3c3e816,39.1,0,1820.496,0
SPOT,0x2f2834e9b446e67370cd042535b48a0204860023374c7f4b8cdacc8a9fdcea0e,1749544228005,HYPE,Buy,87.99,0xffffffffffffffffffffffffffffffffffffffff,0x9e875bd28ee5001478c16cb0c8329116a3c3e816,39.1,0,3440.409,0
SPOT,0x56a1f81aa5032649d9f0042535b48a020477005a4a427e3990e0f9126ec72c22,1749544228005,HYPE,Buy,1,0xffffffffffffffffffffffffffffffffffffffff,0x9e875bd28ee5001478c16cb0c8329116a3c3e816,39.1,0,39.1,0
SPOT,0x526f7d0fbcbe739754d3042535b48a020476007de02f31b3f45831764aebe123,1749544228005,HYPE,Buy,53.81,0xffffffffffffffffffffffffffffffffffffffff,0x9e875bd28ee5001478c16cb0c8329116a3c3e816,39.1,0,2103.971,0
SPOT,0x40baa7c7141614854585042535b48a02047500df831b256f6cfbf1d2e9dab4f6,1749544228005,HYPE,Buy,10.65,0xffffffffffffffffffffffffffffffffffffffff,0x9e875bd28ee5001478c16cb0c8329116a3c3e816,39.1,0,416.415,0
SPOT,0x9183d4008c8da0d4025c042535b48a02047400329d4efb8fbac1bd434d4e832c,1749544228005,HYPE,Buy,4.17,0xffffffffffffffffffffffffffffffffffffffff,0x9e875bd28ee5001478c16cb0c8329116a3c3e816,39.1,0,163.047,0
SPOT,0x0f9c57a45b6196191231042535b48a0204730075d2f9037e0b61ec76087981cd,1749544228005,HYPE,Buy,37.31,0xffffffffffffffffffffffffffffffffffffffff,0x9e875bd28ee5001478c16cb0c8329116a3c3e816,39.1,0,1458.8210000000001,0
SPOT,0x92e027e03418853a9b01042535b48a020472004d0a6af2b6e25b9e92481ff655,1749544228005,HYPE,Buy,22.58,0xffffffffffffffffffffffffffffffffffffffff,0x9e875bd28ee5001478c16cb0c8329116a3c3e816,39.1,0,882.8779999999999,0
SPOT,0xd0e734330e6d415b7b1b042535b48a02047100d1bf4513d7597d15e54d5b5f31,1749544228005,HYPE,Buy,26.09,0xffffffffffffffffffffffffffffffffffffffff,0x9e875bd28ee5001478c16cb0c8329116a3c3e816,39.1,0,1020.119,0
SPOT,0xbf5d06be6fbfc0f8907c042535b48a020470009fde40ebc9225850b75931d462,1749544228005,HYPE,Buy,27.7,0xffffffffffffffffffffffffffffffffffffffff,0x9e875bd28ee5001478c16cb0c8329116a3c3e816,39.1,0,1083.07,0
SPOT,0x6e09c5745d46414cc99a042535b48a02046f001d4655659a930252ca25e931f8,1749544228005,HYPE,Buy,9.61,0xffffffffffffffffffffffffffffffffffffffff,0x9e875bd28ee5001478c16cb0c8329116a3c3e816,39.1,0,375.751,0
SPOT,0x94de862bb56ad0f02554042535b48a02046e006e3f6832001b4f1966d28c9fa3,1749544228005,HYPE,Buy,31.5,0xffffffffffffffffffffffffffffffffffffffff,0x9e875bd28ee5001478c16cb0c8329116a3c3e816,39.1,0,1231.65,0
SPOT,0x6bd22836f1d266055fc2042535b48a02046d00039b5a3013d142473f69f1a73a,1749544228005,HYPE,Buy,52.81,0xffffffffffffffffffffffffffffffffffffffff,0x9e875bd28ee5001478c16cb0c8329116a3c3e816,39.1,0,2064.871,0
SPOT,0x0256691be64bdb2c16f5042535b48a02046c00fe5a1a802363bd0adcd128bcb0,1749544228005,HYPE,Buy,6.89,0xffffffffffffffffffffffffffffffffffffffff,0x9e875bd28ee5001478c16cb0c8329116a3c3e816,39.1,0,269.399,0
SPOT,0x278c29ba87a9d093e680042535b48a02046b00762923ce4bda5bbe5ffeb501a4,1749544228005,HYPE,Buy,56.05,0xffffffffffffffffffffffffffffffffffffffff,0x9e875bd28ee5001478c16cb0c8329116a3c3e816,39.1,0,2191.555,0
SPOT,0x7cd2fcb467cb7b4699dd042535b48a02046a0024383b2396013d89fc737f4556,1749544228005,HYPE,Buy,79.33,0xffffffffffffffffffffffffffffffffffffffff,0x9e875bd28ee5001478c16cb0c8329116a3c3e816,39.1,0,3101.803,0
SPOT,0x245f007ba5d617c0d0f7042535b48a020469001750a6d9fe40323d2a9164001e,1749544228005,HYPE,Buy,397.32,0xffffffffffffffffffffffffffffffffffffffff,0x9e875bd28ee5001478c16cb0c8329116a3c3e816,39.1,0,15535.212,0
SPOT,0x02ccd0a7619a876eb098042535b48a0204680099fe56a02b1fc554bf22830681,1749544228005,HYPE,Buy,35.29,0xffffffffffffffffffffffffffffffffffffffff,0x9e875bd28ee5001478c16cb0c8329116a3c3e816,39.1,0,1379.839,0
SPOT,0x6817a0a5281848191a2c042535b48a0204670026b04b006f84b1035d69334080,1749544228005,HYPE,Buy,170.27,0xffffffffffffffffffffffffffffffffffffffff,0x9e875bd28ee5001478c16cb0c8329116a3c3e816,39.1,0,6657.557000000001,0
SPOT,0x401935b3340c7fc56d57042535b48a02046600606cee9af05ba9dc4a371087c4,1749544228005,HYPE,Buy,30.55,0xffffffffffffffffffffffffffffffffffffffff,0x9e875bd28ee5001478c16cb0c8329116a3c3e816,39.1,0,1194.505,0
SPOT,0x0000000000000000000000000000000000000000000000000000000000000000,1749544228005,HYPE,Buy,0.31,0xffffffffffffffffffffffffffffffffffffffff,0x9e875bd28ee5001478c16cb0c8329116a3c3e816,39.1,0,12.121,0
SPOT,0x09d3837033b1ed79920d042535b48202041300aa55d45b59af4f39c5e7c2d30a,1749544227453,HYPE,Buy,5279.600000000003,0xffffffffffffffffffffffffffffffffffffffff,0x9e875bd28ee5001478c16cb0c8329116a3c3e816,39.06703776043635,0,2051.186,0
TRANSFER,0x20c1d862f3ee5eb03d2c042535b32b018500d44d8711bab6dc7d7fe479c508f8,1749544199422,USDC,InternalTransfer,999999.81,PERP,SPOT,1,0,999999.81,0
DEPOSIT,0x71b8d62a86f0234d84a2d39e9ad53a876fcaeb0e6db0a6abb966aa61b08df42e,1749544187607,USDC,Deposit,999999.81,Arbitrum,0x9e875bd28ee5001478c16cb0c8329116a3c3e816,1,0,999999.81,0
FAILED,0x0edc603dbdb5a9dd97d1042535b28e0202a100af700e73af6095a718b8931036,1749544187607,-,VoteEthDepositAction,,0x9e875bd28ee5001478c16cb0c8329116a3c3e816,Deposit has already been credited.,,0,-,-1
SPOT,0xdbc46e7bc74e0d01c0c804253426d601b300637969da5f1cca69433276235cd0,1749536391413,HYPE,order,6000,0x9e875bd28ee5001478c16cb0c8329116a3c3e816,limit,39.1,0,234600,-1
SPOT,0xfc41d590cd8925098cbd04253425d201a5002677d196a37067272c88e22dfa8e,1749536372665,HYPE,order,10000,0x9e875bd28ee5001478c16cb0c8329116a3c3e816,limit,39.2,0,392000,-1
SPOT,0x1d7230a12a2827b306a7042534255501b400527ad32f9d0aeccce518ea74d7b5,1749536362851,HYPE,order,10000,0x9e875bd28ee5001478c16cb0c8329116a3c3e816,limit,39.1,0,391000,-1
TRANSFER,0x035248e47c878a6c1e3e04253423a30201740026c5f36a0162855468310808b4,1749536329784,USDC,InternalTransfer,999999.81,PERP,SPOT,1,0,999999.81,0
DEPOSIT,0x069b0e542709a3025f9554a2ce9c91878466a10bff7411429f260857f40c4adb,1749536316108,USDC,Deposit,999999.81,Arbitrum,0x9e875bd28ee5001478c16cb0c8329116a3c3e816,1,0,999999.81,0
FAILED,0xd52368649f0cf127c29804253422f6018c00c49032c5af704365bd17791ab0ad,1749536316108,-,VoteEthDepositAction,,0x9e875bd28ee5001478c16cb0c8329116a3c3e816,Deposit has already been credited.,,0,-,-1
SPOT,0x69fefdf04dffef9773120425336c9d018f009b259e1b300277a8ae05d8f2ea20,1749532729780,HYPE,order,5000,0x9e875bd28ee5001478c16cb0c8329116a3c3e816,limit,39.6,0,198000,-1
SPOT,0xdf0b73a37d5371435ef20425336bfc01d500216dbb244d80f748d86a94e4fe80,1749532717767,HYPE,order,10000,0x9e875bd28ee5001478c16cb0c8329116a3c3e816,limit,39.6,0,396000,-1
SPOT,0x98a72aa8889f755c34e80425336b6f01be0056d1ab86300b48c6e600623d35ff,1749532707558,HYPE,order,10000,0x9e875bd28ee5001478c16cb0c8329116a3c3e816,limit,39.6,0,396000,-1
TRANSFER,0xa25f8859ec6c215becae0425336a1702013e00e3234c2d0caf8907a21273b05b,1749532681098,USDC,InternalTransfer,999999.81,PERP,SPOT,1,0,999999.81,0
DEPOSIT,0xd03a334216293613dee728fc1f083fbe8f8c27a7ea539a6589fae820241e3771,1749532666160,USDC,Deposit,999999.81,Arbitrum,0x9e875bd28ee5001478c16cb0c8329116a3c3e816,1,0,999999.81,0
FAILED,0x182cc116a5e1cda554db0425336955018700fca65b6b6e90376b95e43004cf79,1749532666160,-,VoteEthDepositAction,,0x9e875bd28ee5001478c16cb0c8329116a3c3e816,Deposit has already been credited.,,0,-,-1
SPOT,0x5d9089780e5dff66ba2d04253295ae01bb009c3983d9c29b7b159ffd90a02285,1749528478182,HYPE,order,5500,0x9e875bd28ee5001478c16cb0c8329116a3c3e816,limit,39.4,0,216700,-1
SPOT,0xced7e46f1f7fd4186b1b04253294dd01ee00c91b02c7f54f5b115a6f257262c2,1749528462255,HYPE,order,10000,0x9e875bd28ee5001478c16cb0c8329116a3c3e816,limit,39.4,0,394000,-1
SPOT,0x3e6468545a580d5c4af7042532945c02011100d8885094faa21111cc0679c423,1749528453033,HYPE,order,10000,0x9e875bd28ee5001478c16cb0c8329116a3c3e816,limit,39.3,0,393000,-1
TRANSFER,0x5d0a04c006e235bdca3004253292d901cf00143a44d2d22dbe2fad81786a18f4,1749528421812,USDC,InternalTransfer,999999.81,PERP,SPOT,1,0,999999.81,0
DEPOSIT,0xbf53f654a53300263a7d438d01d93533ec97910ee88673de232f144323a4a28e,1749528406160,USDC,Deposit,999999.81,Arbitrum,0x9e875bd28ee5001478c16cb0c8329116a3c3e816,1,0,999999.81,0
FAILED,0x27a45895000fc67f9e51042532920f02014c00eda512f58e5bf870484eff3ce2,1749528406160,-,VoteEthDepositAction,,0x9e875bd28ee5001478c16cb0c8329116a3c3e816,Deposit has already been credited.,,0,-,-1
SPOT,0x9e62a4d7a946e3e360e304252391cd01f4008a91be8789fb17a9173e4e2aea31,1749452625386,HYPE,order,8000,0x9e875bd28ee5001478c16cb0c8329116a3c3e816,limit,35.4,0,283200,-1
SPOT,0xba2c02ab5f3206ebaea2042523908f01f800e33b12665855348ebe308092456f,1749452598987,HYPE,order,10000,0x9e875bd28ee5001478c16cb0c8329116a3c3e816,limit,35.4,0,354000,-1
SPOT,0x9a72497acdb4191e30d70425238fd201ac00b3bdfb38ed442df66011997766a6,1749452585040,HYPE,order,10000,0x9e875bd28ee5001478c16cb0c8329116a3c3e816,limit,35.3,0,353000,-1
TRANSFER,0xd7e3ad02727ccb72d37f0425238eb7017c0042f502fb1f797de7088411379299,1749452565010,USDC,InternalTransfer,999999.82,PERP,SPOT,1,0,999999.82,0
DEPOSIT,0x17b3ce70d0d610795c6e91d819e206ab0fa8abbbd15842dfd93c7ffc8032d02b,1749452555179,USDC,Deposit,999999.82,Arbitrum,0x9e875bd28ee5001478c16cb0c8329116a3c3e816,1,0,999999.82,0
FAILED,0x22acf36b760a349f886b0425238e4b013d00adac14317740bd5e0e1f5efe6880,1749452555179,-,VoteEthDepositAction,,0x9e875bd28ee5001478c16cb0c8329116a3c3e816,Deposit has already been credited.,,0,-,-1
SPOT,0x1897b2f89985b0d53f840425162bc4020250006f39a2b433db68a372ebcf13ad,1749383943278,HYPE,order,8500,0x9e875bd28ee5001478c16cb0c8329116a3c3e816,limit,35.6,0,302600,-1
SPOT,0x7cd9824d8ac1fca18e8f0425162ac2016c00ebcace6bce4bbd92f71ce766e314,1749383915662,HYPE,order,10000,0x9e875bd28ee5001478c16cb0c8329116a3c3e816,limit,35.6,0,356000,-1
SPOT,0xddee6be17ab60172fb050425162a4d01750071745f8615c45a77b61b71eadf1c,1749383906012,HYPE,order,10000,0x9e875bd28ee5001478c16cb0c8329116a3c3e816,limit,35.5,0,355000,-1
TRANSFER,0x9dd8c1704712f9ac4332042516296c0171001c4b425843052ddabab2cc75177b,1749383875532,USDC,InternalTransfer,999999.82,PERP,SPOT,1,0,999999.82,0
DEPOSIT,0x5d22a5741acf9341bf1f080705e8b74b418163b2e3c1bfe9e75ffdef45c540b3,1749383865950,USDC,Deposit,999999.82,Arbitrum,0x9e875bd28ee5001478c16cb0c8329116a3c3e816,1,0,999999.82,0
FAILED,0xe27f9b958a07a4df3de504251629140165008a8b1066f644ccc8849b4fb0920d,1749383865950,-,VoteEthDepositAction,,0x9e875bd28ee5001478c16cb0c8329116a3c3e816,Deposit has already been credited.,,0,-,-1
SPOT,0xd7f73b434306a77264a4042507e4e4017f00967265bbfb62ce5bf6eec08c3a4f,1749305492048,HYPE,order,9042.79,0x9e875bd28ee5001478c16cb0c8329116a3c3e816,limit,34.6,0,312880.53400000004,-1
SPOT,0x4616b763c22596e8845c042507e36f02019300279532b087517df0a59c6449c0,1749305463040,HYPE,order,10000,0x9e875bd28ee5001478c16cb0c8329116a3c3e816,limit,34.6,0,346000,-1
SPOT,0x3549c493e6f55d843e97042507e2640201410036f09baff8d9cbab21fbdd3545,1749305444078,HYPE,order,10000,0x9e875bd28ee5001478c16cb0c8329116a3c3e816,limit,34.5,0,345000,-1
TRANSFER,0xb2d38d68980e64df60a1042507e01e01ec003902f2531150dad5a2ca4ebd5e55,1749305397457,USDC,InternalTransfer,999999.83,PERP,SPOT,1,0,999999.83,0
DEPOSIT,0xa5af1e267adf27907c2e5aaa72cda7d68d2432c13d2cf96f37264d464145b76e,1749305380299,USDC,Deposit,999999.83,Arbitrum,0x9e875bd28ee5001478c16cb0c8329116a3c3e816,1,0,999999.83,0
FAILED,0x5e6b1ac7456ab747a6cf042507df3d016900f2a44fa4f5f5e55a825035ccee29,1749305380299,-,VoteEthDepositAction,,0x9e875bd28ee5001478c16cb0c8329116a3c3e816,Deposit has already been credited.,,0,-,-1
SPOT,0xda2a559b73edc85b46370424f778ee01f700c15a81e156235d78207faefae433,1749221721526,HYPE,order,3190.33,0x9e875bd28ee5001478c16cb0c8329116a3c3e816,limit,35.5,0,113256.715,-1
SPOT,0x415d3f4f4bcf67fea8f90424f777f302026500d813793ff59c0604d2baf87399,1749221702011,HYPE,order,10000,0x9e875bd28ee5001478c16cb0c8329116a3c3e816,limit,35.5,0,355000,-1
SPOT,0x3bcf6b4d571a9cc3d6ad0424f7773202023b0026b2d116fedbd3e1b9e3a5e704,1749221687249,HYPE,order,10000,0x9e875bd28ee5001478c16cb0c8329116a3c3e816,limit,35.5,0,355000,-1
SPOT,0xf770ee3abb7929ae13970424f7762e02023f00c3412872b315e29d6dae65315f,1749221666248,HYPE,order,5000,0x9e875bd28ee5001478c16cb0c8329116a3c3e816,limit,38.044,0,190219.99999999997,-1
TRANSFER,0x8daa5cee641134b2bda50424f7727002014d00cdd2421ddc24c9b5949f5df43c,1749221590055,USDC,InternalTransfer,999999.83,PERP,SPOT,1,0,999999.83,0
DEPOSIT,0x2f42b19551e8527379ec841025ce2fa0a7ec6985a191fab6f4c95d79bda09f11,1749221576615,USDC,Deposit,999999.83,Arbitrum,0x9e875bd28ee5001478c16cb0c8329116a3c3e816,1,0,999999.83,0
FAILED,0x27f2167922ebf0d3855b0424f771be019c00d65461c6f2868b5483c4d8ccb3d3,1749221576615,-,VoteEthDepositAction,,0x9e875bd28ee5001478c16cb0c8329116a3c3e816,Deposit has already been credited.,,0,-,-1
SPOT,0xd5c40fdc220d54dca1150424f11d6202019f00446a20bd62d2be16f1307d620b,1749189228532,HYPE,order,2269.79,0x9e875bd28ee5001478c16cb0c8329116a3c3e816,limit,35,0,79442.65,-1
SPOT,0xbbc84a47f4ad211524c70424f11c7b02017d00062470ac2843e507e38d3bd59c,1749189210783,HYPE,order,35266.37,0x9e875bd28ee5001478c16cb0c8329116a3c3e816,limit,35,0,1234322.9500000002,-1
SPOT,0xb540cea7007f382128750424f11ad20201b60013cb8ebf4691ba6d483cd9dcfc,1749189180568,HYPE,order,5000,0x9e875bd28ee5001478c16cb0c8329116a3c3e816,limit,37.625,0,188125,-1
TRANSFER,0x6363cf6e1200bc27f3f00424f1179c019e00f1d88a86ecb534da594dcddced7d,1749189117653,USDC,InternalTransfer,1499999.83,PERP,SPOT,1,0,1499999.83,0
DEPOSIT,0x563037ff630785ef10f6b5fdf9293ef98a7c3e433e409325d51f8567606292fb,1749189096516,USDC,Deposit,1499999.83,Arbitrum,0x9e875bd28ee5001478c16cb0c8329116a3c3e816,1,0,1499999.83,0
FAILED,0x4d32f1d90151aa2b19650424f11693010a00b2b6e89f9382d4728cbff69bbb58,1749189096516,-,VoteEthDepositAction,,0x9e875bd28ee5001478c16cb0c8329116a3c3e816,Deposit has already been credited.,,0,-,-1
SPOT,0x9f88be4963e44de48b490424d7a2f602016f004fe2585386504cccd83e4bc9fd,1749058806077,HYPE,order,4000,0x9e875bd28ee5001478c16cb0c8329116a3c3e816,limit,39.549,0,158196,-1
SPOT,0x4f0332f3ff89a514ceff0424d7a12402028b00fba8f7597a7a19c2b5dfe90618,1749058770336,HYPE,order,5000,0x9e875bd28ee5001478c16cb0c8329116a3c3e816,limit,39.487,0,197435,-1
SPOT,0x7c6f2985d327b5a989ee0424d7a07a01e80087f733c6a6ea585708ddb2ed6dd0,1749058758679,HYPE,order,5000,0x9e875bd28ee5001478c16cb0c8329116a3c3e816,limit,39.435,0,197175,-1
TRANSFER,0xc04602dc0c009b3819e60424d79c1402012800bdd7cba4d4ec2e4aaf05c8c2a0,1749058671873,USDC,InternalTransfer,499999.82,PERP,SPOT,1,0,499999.82,0
DEPOSIT,0x30c1b625796d949114426545f9582ef31dbc3c72b8eb451b9cdbe02aaab3294e,1749058653847,USDC,Deposit,499999.82,Arbitrum,0x9e875bd28ee5001478c16cb0c8329116a3c3e816,1,0,499999.82,0
FAILED,0x37735819370b75a7f20c0424d79b1a01040064cdbd78c231979193633308e5e7,1749058653847,-,VoteEthDepositAction,,0x9e875bd28ee5001478c16cb0c8329116a3c3e816,Deposit has already been credited.,,0,-,-1
SPOT,0xa936101aefd30cbfffe70424d6b596020175003bc7f3b3725dc13c9f80173f56,1749054119512,HYPE,order,2162.73,0x9e875bd28ee5001478c16cb0c8329116a3c3e816,limit,39.901,0,86295.08973,-1
SPOT,0xff431782f4fd69f001fa0424d6b3c80203000084bbcc10798b68a5f1bdff90b3,1749054085554,HYPE,order,5000,0x9e875bd28ee5001478c16cb0c8329116a3c3e816,limit,37,0,185000,-1
SPOT,0xc49daef692593444bb1f0424d6b0e902010600aee51fc640a576c611346b1228,1749054027754,HYPE,order,5000,0x9e875bd28ee5001478c16cb0c8329116a3c3e816,limit,39.866,0,199330,-1
SPOT,0xb0c7c769cbfe9d40a5ab0424d6af9102032a00eb6db292ef3dbbfd626db71386,1749054002876,HYPE,order,1000,0x9e875bd28ee5001478c16cb0c8329116a3c3e816,limit,39.802,0,39802,-1
TRANSFER,0x6a7868eb4de2f42883b90424d6747801cc009db254230ffc7d4004eeeea6cecf,1749052850846,USDC,InternalTransfer,499999.82,PERP,SPOT,1,0,499999.82,0
DEPOSIT,0xfaaf36f1ac04a734ea91db495599b9030a6471333ba73171f07985e0c0d4faf9,1749052829852,USDC,Deposit,499999.82,Arbitrum,0x9e875bd28ee5001478c16cb0c8329116a3c3e816,1,0,499999.82,0
FAILED,0x01237fd802d9a21ebfea0424d6736e02015700134a13bc9d9c6a356823679a10,1749052829852,-,VoteEthDepositAction,,0x9e875bd28ee5001478c16cb0c8329116a3c3e816,Deposit has already been credited.,,0,-,-1
SPOT,0x90e81727d077f840b61f0424d3afca020139009c827ae8ce542883d1509c3314,1749038831727,HYPE,order,314.54,0x9e875bd28ee5001478c16cb0c8329116a3c3e816,limit,39.798,0,12518.062920000002,-1
SPOT,0x22df02225cfa89160f190424d3ae020202410086bbf9f1ba36103f3cd7daf48c,1749038797488,HYPE,order,6441.07,0x9e875bd28ee5001478c16cb0c8329116a3c3e816,limit,39.761,0,256103.38427,-1
SPOT,0x54edb872d7d782ef577a0424d3ad380201f100daafd542bb766f7aa35d666215,1749038782533,HYPE,order,6799.75,0x9e875bd28ee5001478c16cb0c8329116a3c3e816,limit,39.713,0,270038.47175,-1
TRANSFER,0x95201f93dd65a4b721520424d3aa8d0201bb00159573ce67032907c515fbfce3,1749038730099,USDC,InternalTransfer,499999.82,PERP,SPOT,1,0,499999.82,0
DEPOSIT,0xfd3d514ac6f11c6b10cce21c4cd086f0e4d7a757f1e46c315109ec17e31b4d7f,1749038720647,USDC,Deposit,499999.82,Arbitrum,0x9e875bd28ee5001478c16cb0c8329116a3c3e816,1,0,499999.82,0
FAILED,0x7f441780df29f41c7be10424d3aa150201d000977f44d9a9018b4d19d37ea618,1749038720647,-,VoteEthDepositAction,,0x9e875bd28ee5001478c16cb0c8329116a3c3e816,Deposit has already been credited.,,0,-,-1
SPOT,0x90b6948d984737a747f60424d38aa70203da009e1e2693b98c3f6b17591282ed,1749038100700,HYPE,order,7488.05,0x9e875bd28ee5001478c16cb0c8329116a3c3e816,limit,39.518,0,295912.7599,-1
TRANSFER,0x624b0c7aa21883eef2af0424d3887901f300e9ffc481158d512b683a0ff98368,1749038056046,USDC,InternalTransfer,112199.82,PERP,SPOT,1,0,112199.82,0
DEPOSIT,0x4f50efab4b7e706d7e92cb660e5bd56a29f3fd9df972a3e02641620db5fc0fd5,1749038043527,USDC,Deposit,112199.82,Arbitrum,0x9e875bd28ee5001478c16cb0c8329116a3c3e816,1,0,112199.82,0
FAILED,0x0753c2cdaef7ef8d6ed80424d387e30102002bc7e07176d73290b770124ff03a,1749038043527,-,VoteEthDepositAction,,0x9e875bd28ee5001478c16cb0c8329116a3c3e816,Deposit has already been credited.,,0,-,-1
SPOT,0x4a838b2ce20a92860e9a0424d0ad5b01d700edfe0da714dac11c621fb1c98524,1749023672468,HYPE,order,5000,0x9e875bd28ee5001478c16cb0c8329116a3c3e816,limit,39.205,0,196025,-1
SPOT,0x26cf56f4bf7e4b5bad950424d0ab830161001da80dbf9c0b0ae15e770422bf5a,1749023633582,HYPE,order,5000,0x9e875bd28ee5001478c16cb0c8329116a3c3e816,limit,39.194,0,195970,-1
SPOT,0x8a4378a425c5b88831880424d0a4da02010100e2e1c84af2e103783cf40efcec,1749023502174,HYPE,order,5000,0x9e875bd28ee5001478c16cb0c8329116a3c3e816,limit,39.108,0,195539.99999999997,-1
SPOT,0x35ed91a510f53cbde8cf0424d0a19102014b002ca39388526c5facb134257b6a,1749023437154,HYPE,order,5000,0x9e875bd28ee5001478c16cb0c8329116a3c3e816,limit,39.145,0,195725.00000000003,-1
TRANSFER,0xd886855949b5fbad91a50424d09ea20201f100bff20608bbbf127147b8bd9a69,1749023374944,USDC,InternalTransfer,887899.46,PERP,SPOT,1,0,887899.46,0
DEPOSIT,0xeec35f95eb8bf45683f012293f37d85108e3992bcc41a8f522e3dd08934edc79,1749023323830,USDC,Deposit,387799.82,Arbitrum,0x9e875bd28ee5001478c16cb0c8329116a3c3e816,1,0,387799.82,0
FAILED,0x07d9e326ff9d42ed54b80424d09bf901da002991fe2eb787331147ebd3f93130,1749023323830,-,VoteEthDepositAction,,0x9e875bd28ee5001478c16cb0c8329116a3c3e816,Deposit has already been credited.,,0,-,-1
DEPOSIT,0x5c753ce6059f639bb3496be09a9b26c25cae3467057e7f4e12c666cda9cbe2b5,1749023078359,USDC,Deposit,500099.64,Arbitrum,0x9e875bd28ee5001478c16cb0c8329116a3c3e816,1,0,500099.64,0
FAILED,0xe7bc3feced36bfe5ec730424d08faf0162006426edaad394ed3adad7ee8eb242,1749023078359,-,VoteEthDepositAction,,0x9e875bd28ee5001478c16cb0c8329116a3c3e816,Deposit has already been credited.,,0,-,-1
TRANSFER,0xdef8403cad34301e64b50424d08d1b014000ec6528bfbe9c4a3c1b311fdc3e00,1749023026087,HYPE,Transfer,2.7081747,0x2222222222222222222222222222222222222222,0x9e875bd28ee5001478c16cb0c8329116a3c3e816,41.2285,0,111.65398061894999,0
TRANSFER,0xc869ccd485726bec814b0424d07c4602018e00a701eb3e90c0c8b72f4e2d1851,1749022691014,HYPE,Transfer,-2.7081789,0x9e875bd28ee5001478c16cb0c8329116a3c3e816,0x2222222222222222222222222222222222222222,41.2285,0,-111.65415377865,0
SPOT,0xddb3d64eb4a8c9534ca90424cfcb850201450006ba743dcdae69cdd437c762fc,1749019171288,HYPE,order,2.71,0x9e875bd28ee5001478c16cb0c8329116a3c3e816,limit,36.7,0,99.45700000000001,-1
TRANSFER,0xc567cbeaba22b339dcdc0424cfc81301a50095aa0f474f3b6d553e657ac3c25b,1749019105796,USDC,InternalTransfer,99.82,PERP,SPOT,1,0,99.82,0
FAILED,0x6b87071e16e3c578a38b0424cfbe2701e50019fbbcec243ba87f555ac844919b,1749018907572,-,approveAgent,,0x9e875bd28ee5001478c16cb0c8329116a3c3e816,Invalid nonce: duplicate nonce 1749018870608,,0,-,-1
DEPOSIT,0xc8d4d267a26efe8c13857d9c4a59f9d78c6fc8651034664730020eaeb06ba7b6,1749018906835,USDC,Deposit,99.82,Arbitrum,0x9e875bd28ee5001478c16cb0c8329116a3c3e816,1,0,99.82,0
FAILED,0x953b5f0fb59f783332a50424cfbe1e018b0039dab3a1b811348e55334bd39357,1749018906835,-,VoteEthDepositAction,,0x9e875bd28ee5001478c16cb0c8329116a3c3e816,Deposit has already been credited.,,0,-,-1