time,user,type,token,amount,destination,signatureChainId,hyperliquidChain,block,hash,error
1752055247472,0x716bd8d3337972db99995dda5c4b34d954a61d95,spotSend,HYPE:0x0d01dc56dcaaca66ad901c959b4011ec,45495.86,0x716bd8d3337972db99995dda5c4b34d954a61d95,0xa4b1,Mainnet,656630564,0x9bb9f5f2a152218ab8b804272363240123005387ba53bb15cf8443310bc10124,
1751980069857,0x716bd8d3337972db99995dda5c4b34d954a61d95,spotSend,HYPE:0x0d01dc56dcaaca66ad901c959b4011ec,100000,0x156fdf14cdb80c9623b5eb06a164a799aa719119,0xa4b1,Mainnet,655653340,0xc9f82c96ef4ae4c7149a04271479dc01220016eaad2bd53792655e77234062e7,
1751544048759,0x716bd8d3337972db99995dda5c4b34d954a61d95,spotSend,HYPE:0x0d01dc56dcaaca66ad901c959b4011ec,9075.8552577,0x716bd8d3337972db99995dda5c4b34d954a61d95,0xa4b1,Mainnet,650017969,0x5c9540130ef4940eefd50426be7cb101af00aa3112d98599e56ecac30b9261af,
1751540448916,0x716bd8d3337972db99995dda5c4b34d954a61d95,spotSend,HYPE:0x0d01dc56dcaaca66ad901c959b4011ec,66866.4147423,0x716bd8d3337972db99995dda5c4b34d954a61d95,0xa4b1,Mainnet,649970626,0xc4796bbd6e4ffea62bda0426bdc3c20201c70058dfda20abf7b0e6766f4505ca,
1751462029817,0x716bd8d3337972db99995dda5c4b34d954a61d95,spotSend,HYPE:0x0d01dc56dcaaca66ad901c959b4011ec,135900,0x156fdf14cdb80c9623b5eb06a164a799aa719119,0xa4b1,Mainnet,648945328,0x60cde498be0b746d68550426ae1eb001070014d739bdfe1ecf05c6b7253d19e9,
1751410849799,0x716bd8d3337972db99995dda5c4b34d954a61d95,spotSend,HYPE:0x0d01dc56dcaaca66ad901c959b4011ec,3141.06,0x716bd8d3337972db99995dda5c4b34d954a61d95,0xa4b1,Mainnet,648272454,0xa8c7d7728251748f492a0426a3da4602015a00f4dadccd23f5e833763d4daada,
1751400048767,0x716bd8d3337972db99995dda5c4b34d954a61d95,spotSend,HYPE:0x0d01dc56dcaaca66ad901c959b4011ec,302.12,0x716bd8d3337972db99995dda5c4b34d954a61d95,0xa4b1,Mainnet,648130503,0x2690095536a0c90542460426a1afc701890008d16ea284cc7cacf947baece788,
1751396450871,0x716bd8d3337972db99995dda5c4b34d954a61d95,spotSend,HYPE:0x0d01dc56dcaaca66ad901c959b4011ec,20699.95,0x716bd8d3337972db99995dda5c4b34d954a61d95,0xa4b1,Mainnet,648083067,0x5c683d215ca0396304ad0426a0f67b012d00d3adcd64852984bcffb25a86d09c,
1751382048862,0x716bd8d3337972db99995dda5c4b34d954a61d95,spotSend,HYPE:0x0d01dc56dcaaca66ad901c959b4011ec,251.21,0x716bd8d3337972db99995dda5c4b34d954a61d95,0xa4b1,Mainnet,647894214,0x247efc97f42f9de72e9804269e14c601570076d5ca1f6ba8e6ca117583a0e739,
1751367646617,0x716bd8d3337972db99995dda5c4b34d954a61d95,spotSend,HYPE:0x0d01dc56dcaaca66ad901c959b4011ec,1.89,0x716bd8d3337972db99995dda5c4b34d954a61d95,0xa4b1,Mainnet,647706790,0xd7c9b8cda1163d859b3e04269b38a60146001913c565b6800e7b72ce6cf7aa59,
1751349649639,0x716bd8d3337972db99995dda5c4b34d954a61d95,spotSend,HYPE:0x0d01dc56dcaaca66ad901c959b4011ec,815.53,0x716bd8d3337972db99995dda5c4b34d954a61d95,0xa4b1,Mainnet,647472145,0x58db1dc2d5f71b8757d2042697a41102012d00bb4a3738460c9c6474620e8664,
1751338849654,0x716bd8d3337972db99995dda5c4b34d954a61d95,spotSend,HYPE:0x0d01dc56dcaaca66ad901c959b4011ec,11.36,0x716bd8d3337972db99995dda5c4b34d954a61d95,0xa4b1,Mainnet,647330208,0x177582ab43b6bf0776c104269579a0015b004ae10c6a6b1a047e788f27b25368,
1751331649910,0x716bd8d3337972db99995dda5c4b34d954a61d95,spotSend,HYPE:0x0d01dc56dcaaca66ad901c959b4011ec,658.43,0x716bd8d3337972db99995dda5c4b34d954a61d95,0xa4b1,Mainnet,647236390,0x51c5cc767206395212960426940b2601890024b615bd30be14f7a6f2d8af7ff0,
1751328049778,0x716bd8d3337972db99995dda5c4b34d954a61d95,spotSend,HYPE:0x0d01dc56dcaaca66ad901c959b4011ec,463.64075933,0x716bd8d3337972db99995dda5c4b34d954a61d95,0xa4b1,Mainnet,647189760,0x7eb144f6f5c1f901479f0426935500017800647b73c026c1f920fdace4ceef8f,
1751324449843,0x716bd8d3337972db99995dda5c4b34d954a61d95,spotSend,HYPE:0x0d01dc56dcaaca66ad901c959b4011ec,6278.57142857,0x716bd8d3337972db99995dda5c4b34d954a61d95,0xa4b1,Mainnet,647143185,0x55fb68c863a0a93d4ab20426929f110116002f64fccc23172c2e276f02590105,
1751320848780,0x716bd8d3337972db99995dda5c4b34d954a61d95,spotSend,HYPE:0x0d01dc56dcaaca66ad901c959b4011ec,16001.86408045,0x716bd8d3337972db99995dda5c4b34d954a61d95,0xa4b1,Mainnet,647096141,0x6298b43d96f309d959ab042691e74d02039800967f43b3428dcb9e6577825da0,
1751317248702,0x716bd8d3337972db99995dda5c4b34d954a61d95,spotSend,HYPE:0x0d01dc56dcaaca66ad901c959b4011ec,1841.09049261,0x716bd8d3337972db99995dda5c4b34d954a61d95,0xa4b1,Mainnet,647048722,0xe111b18d8196372166640426912e120128005deb3412325567f7fc48936cab23,
1751310047745,0x716bd8d3337972db99995dda5c4b34d954a61d95,spotSend,HYPE:0x0d01dc56dcaaca66ad901c959b4011ec,31163.0291794,0x716bd8d3337972db99995dda5c4b34d954a61d95,0xa4b1,Mainnet,646953797,0x28a3fe6d61064373cbd504268fbb4502017100713b3dde2fbea8ba9b8dcc8ba1,
1751306448029,0x716bd8d3337972db99995dda5c4b34d954a61d95,spotSend,HYPE:0x0d01dc56dcaaca66ad901c959b4011ec,37670.37955486,0x716bd8d3337972db99995dda5c4b34d954a61d95,0xa4b1,Mainnet,646906128,0xe96a2775fd13690be2b004268f0110011400ee62038d71237b71858d5993faf6,
1751295646917,0x716bd8d3337972db99995dda5c4b34d954a61d95,spotSend,HYPE:0x0d01dc56dcaaca66ad901c959b4011ec,351.1074605,0x716bd8d3337972db99995dda5c4b34d954a61d95,0xa4b1,Mainnet,646765128,0xe3898490ab9d37ec136404268cda4801ed001a214c33aa6153b64e5e23d0df73,
1751288449926,0x716bd8d3337972db99995dda5c4b34d954a61d95,spotSend,HYPE:0x0d01dc56dcaaca66ad901c959b4011ec,860.63663353,0x716bd8d3337972db99995dda5c4b34d954a61d95,0xa4b1,Mainnet,646671707,0xac12046175073eeb67dd04268b6d5b011c00b1453aefe94d22e1df6b9896b698,
1751281248856,0x716bd8d3337972db99995dda5c4b34d954a61d95,spotSend,HYPE:0x0d01dc56dcaaca66ad901c959b4011ec,1339.76525196,0x716bd8d3337972db99995dda5c4b34d954a61d95,0xa4b1,Mainnet,646578383,0x279f766b2f5bfeadca1904268a00cf011f0055a478807cf1a41aca23fffa24bc,
1751274049205,0x716bd8d3337972db99995dda5c4b34d954a61d95,spotSend,HYPE:0x0d01dc56dcaaca66ad901c959b4011ec,8859.84716674,0x716bd8d3337972db99995dda5c4b34d954a61d95,0xa4b1,Mainnet,646484677,0x39ebaf1c25f8064fa1c404268892c5013c000d6ef43fc1348471f382900a74ab,
1751198447532,0x716bd8d3337972db99995dda5c4b34d954a61d95,spotSend,HYPE:0x0d01dc56dcaaca66ad901c959b4011ec,12691.09235715,0x716bd8d3337972db99995dda5c4b34d954a61d95,0xa4b1,Mainnet,645505530,0xd537a7391a9a5aea69f7042679a1fa012800cb8af056e2bbca59748d52d1f363,
1751194847498,0x716bd8d3337972db99995dda5c4b34d954a61d95,spotSend,HYPE:0x0d01dc56dcaaca66ad901c959b4011ec,419.13117835,0x716bd8d3337972db99995dda5c4b34d954a61d95,0xa4b1,Mainnet,645459648,0x34021e4ee6294e8ea257042678eec0019000ed19c22b1bb60113498c22a3fc2f,
1751184047978,0x716bd8d3337972db99995dda5c4b34d954a61d95,spotSend,HYPE:0x0d01dc56dcaaca66ad901c959b4011ec,6014.815,0x716bd8d3337972db99995dda5c4b34d954a61d95,0xa4b1,Mainnet,645319978,0x52eed425aa508679d001042676cd2a010500c8cad4fb5efd480b2c09a28eeb62,
1751173250903,0x716bd8d3337972db99995dda5c4b34d954a61d95,spotSend,HYPE:0x0d01dc56dcaaca66ad901c959b4011ec,6466.22787143,0x716bd8d3337972db99995dda5c4b34d954a61d95,0xa4b1,Mainnet,645184137,0xf2b907f5f482a70303eb042674ba89018600e9ae20d03e497f1f3906342f1dab,
1751162450792,0x716bd8d3337972db99995dda5c4b34d954a61d95,spotSend,HYPE:0x0d01dc56dcaaca66ad901c959b4011ec,839.9916,0x716bd8d3337972db99995dda5c4b34d954a61d95,0xa4b1,Mainnet,645049301,0x2982c3189ff3f2a14433042672abd5020102003874213b013dc6cbf5a54fb365,
1751155250579,0x716bd8d3337972db99995dda5c4b34d954a61d95,spotSend,HYPE:0x0d01dc56dcaaca66ad901c959b4011ec,597.82592774,0x716bd8d3337972db99995dda5c4b34d954a61d95,0xa4b1,Mainnet,644958183,0x4756b0bb830d1da3d65004267147e7014800ae81f8f57c11d0f2266218fc2845,
1751144450853,0x716bd8d3337972db99995dda5c4b34d954a61d95,spotSend,HYPE:0x0d01dc56dcaaca66ad901c959b4011ec,492.91142948,0x716bd8d3337972db99995dda5c4b34d954a61d95,0xa4b1,Mainnet,644822469,0x47aa0c70a3e7fb4c175c04266f35c5010f007ed7d0d3f87c01f50e0c149fca77,
1751140846679,0x716bd8d3337972db99995dda5c4b34d954a61d95,spotSend,HYPE:0x0d01dc56dcaaca66ad901c959b4011ec,981.392,0x716bd8d3337972db99995dda5c4b34d954a61d95,0xa4b1,Mainnet,644776736,0x56d83f342fd85f3b92a004266e8320015c001933933911fb4ccaf212eaedcdc8,
1751119248762,0x716bd8d3337972db99995dda5c4b34d954a61d95,spotSend,HYPE:0x0d01dc56dcaaca66ad901c959b4011ec,860.6739,0x716bd8d3337972db99995dda5c4b34d954a61d95,0xa4b1,Mainnet,644498528,0x3063052be046af5f709f04266a4460014500cb1cc4abe4d9d43bdb860b4b9ae1,
1751112047768,0x716bd8d3337972db99995dda5c4b34d954a61d95,spotSend,HYPE:0x0d01dc56dcaaca66ad901c959b4011ec,742.9639,0x716bd8d3337972db99995dda5c4b34d954a61d95,0xa4b1,Mainnet,644408077,0x0eaef0b7cbd3ad852cc3042668e30d011000657db66b522e588ca862a47c9e32,
1751108447812,0x716bd8d3337972db99995dda5c4b34d954a61d95,spotSend,HYPE:0x0d01dc56dcaaca66ad901c959b4011ec,2315.19101218,0x716bd8d3337972db99995dda5c4b34d954a61d95,0xa4b1,Mainnet,644362641,0x0788a7a1110cfb30f14a0426683191011f003ab46c903d5493ef474a26bd2db6,
1751076047874,0x716bd8d3337972db99995dda5c4b34d954a61d95,spotSend,HYPE:0x0d01dc56dcaaca66ad901c959b4011ec,4155.14985,0x716bd8d3337972db99995dda5c4b34d954a61d95,0xa4b1,Mainnet,643959384,0xb0ed9f4e139dc39067cd0426620a5802036b0056b472edbb63c9c0a20c70e505,
1751072448843,0x716bd8d3337972db99995dda5c4b34d954a61d95,spotSend,HYPE:0x0d01dc56dcaaca66ad901c959b4011ec,10052.84972639,0x716bd8d3337972db99995dda5c4b34d954a61d95,0xa4b1,Mainnet,643913576,0x27cc820850122a99ad80042661576801f100496da0fe063bfd1db0c17bc0ff96,
1751000477590,0x716bd8d3337972db99995dda5c4b34d954a61d95,spotSend,HYPE:0x0d01dc56dcaaca66ad901c959b4011ec,50000,0x156fdf14cdb80c9623b5eb06a164a799aa719119,0xa4b1,Mainnet,642986870,0x29fe84de8a6dda2ed45604265333760201c000239d59aaf6e224318194502333,
1750978520780,0x716bd8d3337972db99995dda5c4b34d954a61d95,spotSend,HYPE:0x0d01dc56dcaaca66ad901c959b4011ec,100000,0x716bd8d3337972db99995dda5c4b34d954a61d95,0xa4b1,Mainnet,642703226,0xd0e1ae84f460a0c609de04264edf7a01c7001abe3f3c7b9ee43ca9ca90a734d4,
1750971648737,0x716bd8d3337972db99995dda5c4b34d954a61d95,spotSend,HYPE:0x0d01dc56dcaaca66ad901c959b4011ec,6611.21749286,0x716bd8d3337972db99995dda5c4b34d954a61d95,0xa4b1,Mainnet,642615004,0x7a789e19093042ba282d04264d86dc0201c7002aba54db2cd07effe945d6a5af,
1750964448923,0x716bd8d3337972db99995dda5c4b34d954a61d95,spotSend,HYPE:0x0d01dc56dcaaca66ad901c959b4011ec,2174.33278974,0x716bd8d3337972db99995dda5c4b34d954a61d95,0xa4b1,Mainnet,642521659,0x014156944c5b613c77dd04264c1a3b01b200036edb5c3b55c34b00680a2be688,
1750950047900,0x716bd8d3337972db99995dda5c4b34d954a61d95,spotSend,HYPE:0x0d01dc56dcaaca66ad901c959b4011ec,10124.23911372,0x716bd8d3337972db99995dda5c4b34d954a61d95,0xa4b1,Mainnet,642334207,0x3334167283cbb074821d0426493dff0202610036bc6345d8e151e91b74143cc1,
1750935649844,0x716bd8d3337972db99995dda5c4b34d954a61d95,spotSend,HYPE:0x0d01dc56dcaaca66ad901c959b4011ec,3364.18783104,0x716bd8d3337972db99995dda5c4b34d954a61d95,0xa4b1,Mainnet,642148334,0xafd56c30189a0147edd104264667ee0169004a1b533ada9ae98059b81c3e541b,
1750928449776,0x716bd8d3337972db99995dda5c4b34d954a61d95,spotSend,HYPE:0x0d01dc56dcaaca66ad901c959b4011ec,5464.21214486,0x716bd8d3337972db99995dda5c4b34d954a61d95,0xa4b1,Mainnet,642054597,0x4398219afbc27e30e768042644f9c5014100164566e1d49e025a441f441df334,
1750924849787,0x716bd8d3337972db99995dda5c4b34d954a61d95,spotSend,HYPE:0x0d01dc56dcaaca66ad901c959b4011ec,5625.13732812,0x716bd8d3337972db99995dda5c4b34d954a61d95,0xa4b1,Mainnet,642008111,0xc22710d67c37503dcec1042644442f02020b0088857b1722341c1b4b08380df9,
1750914048708,0x716bd8d3337972db99995dda5c4b34d954a61d95,spotSend,HYPE:0x0d01dc56dcaaca66ad901c959b4011ec,4083.29403571,0x716bd8d3337972db99995dda5c4b34d954a61d95,0xa4b1,Mainnet,641869554,0xce1d3bfbb9242b35e42704264226f20201c800abf30f1d1b69341c76ea3f9e0f,
1750910447713,0x716bd8d3337972db99995dda5c4b34d954a61d95,spotSend,HYPE:0x0d01dc56dcaaca66ad901c959b4011ec,821.58588062,0x716bd8d3337972db99995dda5c4b34d954a61d95,0xa4b1,Mainnet,641822062,0x2033c824a1a3ef2e54330426416d6e0201f400f267f6bc247d5297b50409e57f,
1750895480691,0x716bd8d3337972db99995dda5c4b34d954a61d95,spotSend,HYPE:0x0d01dc56dcaaca66ad901c959b4011ec,30000,0x716bd8d3337972db99995dda5c4b34d954a61d95,0xa4b1,Mainnet,641629042,0x533a07ff903716690bc704263e7b7201a2008edaaf384d6f5de05f9ee9074787,
1750892448779,0x716bd8d3337972db99995dda5c4b34d954a61d95,spotSend,HYPE:0x0d01dc56dcaaca66ad901c959b4011ec,3737.3310875,0x716bd8d3337972db99995dda5c4b34d954a61d95,0xa4b1,Mainnet,641590108,0x63f4993a9fe08af548b704263de35c015f00017ea7920caf684d3fa9fa77b807,
1750885248853,0x716bd8d3337972db99995dda5c4b34d954a61d95,spotSend,HYPE:0x0d01dc56dcaaca66ad901c959b4011ec,7580.3788598,0x716bd8d3337972db99995dda5c4b34d954a61d95,0xa4b1,Mainnet,641496626,0xe9eada52355896e2b53404263c7632020678006ec19b6129859d619db0b13436,
1750881647912,0x716bd8d3337972db99995dda5c4b34d954a61d95,spotSend,HYPE:0x0d01dc56dcaaca66ad901c959b4011ec,7001.28383267,0x716bd8d3337972db99995dda5c4b34d954a61d95,0xa4b1,Mainnet,641449660,0xc2f9840447b5babb635f04263bbebc01b600281e577c1433afb15f07069464c0,
1750878047651,0x716bd8d3337972db99995dda5c4b34d954a61d95,spotSend,HYPE:0x0d01dc56dcaaca66ad901c959b4011ec,5130.64957306,0x716bd8d3337972db99995dda5c4b34d954a61d95,0xa4b1,Mainnet,641403220,0x50b6e36ed065ffff786f04263b0954020293007f05f32825f301c8bb06783939,
1750870847772,0x716bd8d3337972db99995dda5c4b34d954a61d95,spotSend,HYPE:0x0d01dc56dcaaca66ad901c959b4011ec,4206.17789596,0x716bd8d3337972db99995dda5c4b34d954a61d95,0xa4b1,Mainnet,641310464,0x9cd2485b66161d16afbc0426399f00016200bfbf0c61adafcdb6b30578faeb82,
1750856449782,0x716bd8d3337972db99995dda5c4b34d954a61d95,spotSend,HYPE:0x0d01dc56dcaaca66ad901c959b4011ec,7626.67709657,0x716bd8d3337972db99995dda5c4b34d954a61d95,0xa4b1,Mainnet,641126162,0xbb8f1e557318f2ed75f3042636cf1202011e00c7ededbef03fa97509132fd24b,
1750852849837,0x716bd8d3337972db99995dda5c4b34d954a61d95,spotSend,HYPE:0x0d01dc56dcaaca66ad901c959b4011ec,5829.17687705,0x716bd8d3337972db99995dda5c4b34d954a61d95,0xa4b1,Mainnet,641079681,0x66e981df811234aaa8ec04263619810201a1001df97a1aa54e65ee3ffcb6ece3,
1750834849541,0x716bd8d3337972db99995dda5c4b34d954a61d95,spotSend,HYPE:0x0d01dc56dcaaca66ad901c959b4011ec,1366.26718451,0x716bd8d3337972db99995dda5c4b34d954a61d95,0xa4b1,Mainnet,640847067,0xf56678f28e769279fd0b0426328cdb017900ed2e47fd0e63416e24bfd158db6f,
1750820446517,0x716bd8d3337972db99995dda5c4b34d954a61d95,spotSend,HYPE:0x0d01dc56dcaaca66ad901c959b4011ec,374.89056514,0x716bd8d3337972db99995dda5c4b34d954a61d95,0xa4b1,Mainnet,640661267,0x7e0f4be02d1da58e342d04262fb71302016f003439aa79ca693a7c9cfda103b8,
1750816850861,0x716bd8d3337972db99995dda5c4b34d954a61d95,spotSend,HYPE:0x0d01dc56dcaaca66ad901c959b4011ec,5650.20021448,0x716bd8d3337972db99995dda5c4b34d954a61d95,0xa4b1,Mainnet,640614809,0x67fa957e64587a8f2ee804262f019902012f00a8f3fec11b0c9c98d7d2b2b7f4,
1750813249550,0x716bd8d3337972db99995dda5c4b34d954a61d95,spotSend,HYPE:0x0d01dc56dcaaca66ad901c959b4011ec,165418.85280063,0x716bd8d3337972db99995dda5c4b34d954a61d95,0xa4b1,Mainnet,640568657,0xa6dab3aef3fa98aa50fc04262e4d510202fb006cef6d9366ec9c30088be2ae50,
1750732159781,0x716bd8d3337972db99995dda5c4b34d954a61d95,spotSend,HYPE:0x0d01dc56dcaaca66ad901c959b4011ec,200000,0x156fdf14cdb80c9623b5eb06a164a799aa719119,0xa4b1,Mainnet,639522831,0x4b88366d70e0a1c1a5d304261e580f01f400f29959a7e64843d2301e66670224,
1750700058848,0x716bd8d3337972db99995dda5c4b34d954a61d95,spotSend,HYPE:0x0d01dc56dcaaca66ad901c959b4011ec,300000,0x156fdf14cdb80c9623b5eb06a164a799aa719119,0xa4b1,Mainnet,639113084,0x24f41382c7175c1db3c3042618177c0204990004abb4c7ca29548bf126dae883,
1750696370751,0x716bd8d3337972db99995dda5c4b34d954a61d95,spotSend,HYPE:0x0d01dc56dcaaca66ad901c959b4011ec,171200,0x156fdf14cdb80c9623b5eb06a164a799aa719119,0xa4b1,Mainnet,639067788,0xfc20f8f1808cfcc1d474042617668c02014400efd284c4e3da9e7bc11d84f8c7,
1750665649895,0x716bd8d3337972db99995dda5c4b34d954a61d95,spotSend,HYPE:0x0d01dc56dcaaca66ad901c959b4011ec,11124.16600166,0x716bd8d3337972db99995dda5c4b34d954a61d95,0xa4b1,Mainnet,638674345,0x4b905853344ce9317abd04261165a9015f00df29e711293de1aedd283e602ce7,
1750662049750,0x716bd8d3337972db99995dda5c4b34d954a61d95,spotSend,HYPE:0x0d01dc56dcaaca66ad901c959b4011ec,5955.56945,0x716bd8d3337972db99995dda5c4b34d954a61d95,0xa4b1,Mainnet,638628216,0xf3e66209f8945702b187042610b17802013f008f994f8efd97ae9b121ed71d52,
1750658449677,0x716bd8d3337972db99995dda5c4b34d954a61d95,spotSend,HYPE:0x0d01dc56dcaaca66ad901c959b4011ec,5977.47506542,0x716bd8d3337972db99995dda5c4b34d954a61d95,0xa4b1,Mainnet,638581933,0xec97a8a02ef462faf66104260ffcad02011a00d4586ebb23682b673b1df75188,
1750654849677,0x716bd8d3337972db99995dda5c4b34d954a61d95,spotSend,HYPE:0x0d01dc56dcaaca66ad901c959b4011ec,5150.2693,0x716bd8d3337972db99995dda5c4b34d954a61d95,0xa4b1,Mainnet,638535510,0x19619d5312567ab66a4104260f475601c8000b863b381c02d84e65a5a172bdc8,
1750651250361,0x716bd8d3337972db99995dda5c4b34d954a61d95,spotSend,HYPE:0x0d01dc56dcaaca66ad901c959b4011ec,8504.40724915,0x716bd8d3337972db99995dda5c4b34d954a61d95,0xa4b1,Mainnet,638488875,0xf83741121a1e5cfef4b104260e912b02017300ba703aa5bf6fba11f5dc5eadcb,
1750647649153,0x716bd8d3337972db99995dda5c4b34d954a61d95,spotSend,HYPE:0x0d01dc56dcaaca66ad901c959b4011ec,5834.50431372,0x716bd8d3337972db99995dda5c4b34d954a61d95,0xa4b1,Mainnet,638442455,0x518938eb1fa2097783aa04260ddbd701ea0045cb2c292b7e18cbee76f6a84880,
1750644049022,0x716bd8d3337972db99995dda5c4b34d954a61d95,spotSend,HYPE:0x0d01dc56dcaaca66ad901c959b4011ec,17685,0x716bd8d3337972db99995dda5c4b34d954a61d95,0xa4b1,Mainnet,638396177,0xa48d7e356ec12dfb1c9c04260d2711014900158a8a147bb1fdf1ca97e8060ebd,
1750640448941,0x716bd8d3337972db99995dda5c4b34d954a61d95,spotSend,HYPE:0x0d01dc56dcaaca66ad901c959b4011ec,14445.92355,0x716bd8d3337972db99995dda5c4b34d954a61d95,0xa4b1,Mainnet,638349896,0x3895633420782422df5204260c7248018c0030b49d32a4f63a8ed8f505a151e0,
1750633248866,0x716bd8d3337972db99995dda5c4b34d954a61d95,spotSend,HYPE:0x0d01dc56dcaaca66ad901c959b4011ec,11539.88127622,0x716bd8d3337972db99995dda5c4b34d954a61d95,0xa4b1,Mainnet,638258928,0x3b8456b594320872cad304260b0ef0020263007ee19a025db545f30e25fae2f7,
1750629648711,0x716bd8d3337972db99995dda5c4b34d954a61d95,spotSend,HYPE:0x0d01dc56dcaaca66ad901c959b4011ec,10756.71468094,0x716bd8d3337972db99995dda5c4b34d954a61d95,0xa4b1,Mainnet,638213944,0x3bf5a67a2d448d35e93604260a5f380203a9000767bfffa5a9c10ece673c6652,
1750626048888,0x716bd8d3337972db99995dda5c4b34d954a61d95,spotSend,HYPE:0x0d01dc56dcaaca66ad901c959b4011ec,5985.50056429,0x716bd8d3337972db99995dda5c4b34d954a61d95,0xa4b1,Mainnet,638168059,0x8e7048bbabaeeb206a5a042609abfb020233004c8d74cddfc241f848a3fb764f,
1750622448581,0x716bd8d3337972db99995dda5c4b34d954a61d95,spotSend,HYPE:0x0d01dc56dcaaca66ad901c959b4011ec,16025.84407146,0x716bd8d3337972db99995dda5c4b34d954a61d95,0xa4b1,Mainnet,638124200,0x986f3b6875bb2a5e9e5d04260900a8020277003b951e170f5afe0dbef4232f1a,
1750618848888,0x716bd8d3337972db99995dda5c4b34d954a61d95,spotSend,HYPE:0x0d01dc56dcaaca66ad901c959b4011ec,17750.05205718,0x716bd8d3337972db99995dda5c4b34d954a61d95,0xa4b1,Mainnet,638077933,0x680e6d59aed66b8136500426084bed014600ea39fe9eeb1eae6a1f1e5dcdbeb1,
1750615250736,0x716bd8d3337972db99995dda5c4b34d954a61d95,spotSend,HYPE:0x0d01dc56dcaaca66ad901c959b4011ec,19593.57085,0x716bd8d3337972db99995dda5c4b34d954a61d95,0xa4b1,Mainnet,638031978,0x13eedb418f20b68a302b042607986a0203410027dddb5b802aa0e537079b8b45,
1750611646810,0x716bd8d3337972db99995dda5c4b34d954a61d95,spotSend,HYPE:0x0d01dc56dcaaca66ad901c959b4011ec,18223.17204286,0x716bd8d3337972db99995dda5c4b34d954a61d95,0xa4b1,Mainnet,637986585,0xace985b19a833237c856042606e71902012e00b9c463ba17317c1642d027460b,
1750608050320,0x716bd8d3337972db99995dda5c4b34d954a61d95,spotSend,HYPE:0x0d01dc56dcaaca66ad901c959b4011ec,12634.03,0x716bd8d3337972db99995dda5c4b34d954a61d95,0xa4b1,Mainnet,637942002,0xc8c7cf59dac813cd1f6604260638f202056b00aa9b07e279ec64d86a4424b81f,
1750604450404,0x716bd8d3337972db99995dda5c4b34d954a61d95,spotSend,HYPE:0x0d01dc56dcaaca66ad901c959b4011ec,35551,0x716bd8d3337972db99995dda5c4b34d954a61d95,0xa4b1,Mainnet,637896763,0x3d36de947dc62fffd4b2042605883b0206f600d7dc19c088bd9d0c6c59ec26be,
1750600849921,0x716bd8d3337972db99995dda5c4b34d954a61d95,spotSend,HYPE:0x0d01dc56dcaaca66ad901c959b4011ec,13557.25545,0x716bd8d3337972db99995dda5c4b34d954a61d95,0xa4b1,Mainnet,637852608,0x4e29937c986739bc53ce042604dbc0018800be5a675f4d7f0aa4e86a508ad1f2,
1750597250028,0x716bd8d3337972db99995dda5c4b34d954a61d95,spotSend,HYPE:0x0d01dc56dcaaca66ad901c959b4011ec,6892.82680714,0x716bd8d3337972db99995dda5c4b34d954a61d95,0xa4b1,Mainnet,637808129,0x2514db8ccb84c24e96670426042e010201bc00bc51def805d03ba7105ca6ede2,
1750593649994,0x716bd8d3337972db99995dda5c4b34d954a61d95,spotSend,HYPE:0x0d01dc56dcaaca66ad901c959b4011ec,89404.65942638,0x716bd8d3337972db99995dda5c4b34d954a61d95,0xa4b1,Mainnet,637761898,0x40848511e9158a222dcb042603796a018600ec9491627c7b7a3ecc1fb4a8a7dc,
1750585097627,0x716bd8d3337972db99995dda5c4b34d954a61d95,spotSend,HYPE:0x0d01dc56dcaaca66ad901c959b4011ec,200000,0x716bd8d3337972db99995dda5c4b34d954a61d95,0xa4b1,Mainnet,637652821,0x0f28541c7a1927e021b1042601cf550202400046d4d0ba2a637dac6b80888eb6,
1750518649753,0x716bd8d3337972db99995dda5c4b34d954a61d95,spotSend,HYPE:0x0d01dc56dcaaca66ad901c959b4011ec,123100,0x156fdf14cdb80c9623b5eb06a164a799aa719119,0xa4b1,Mainnet,636810345,0xc0348b016a278b648ba70425f4f46901410012b26a0873940e3463dd9da3b454,
1750473950718,0x716bd8d3337972db99995dda5c4b34d954a61d95,spotSend,HYPE:0x0d01dc56dcaaca66ad901c959b4011ec,200000,0x156fdf14cdb80c9623b5eb06a164a799aa719119,0xa4b1,Mainnet,636251086,0xee2c01f43be475103a230425ec6bce02010f00aafc3068194761eb9d107ad6ae,
1750441549026,0x716bd8d3337972db99995dda5c4b34d954a61d95,spotSend,HYPE:0x0d01dc56dcaaca66ad901c959b4011ec,100000,0x156fdf14cdb80c9623b5eb06a164a799aa719119,0xa4b1,Mainnet,635834496,0xe91c9d2bfbb2fb88604c0425e6108002052c00737bc88b51060c06df9d27d9fe,
1750359650212,0x716bd8d3337972db99995dda5c4b34d954a61d95,spotSend,HYPE:0x0d01dc56dcaaca66ad901c959b4011ec,2283.68679705,0x716bd8d3337972db99995dda5c4b34d954a61d95,0xa4b1,Mainnet,634785043,0x3911dc61f65c0cb4b6060425d60d1302011000f8dbb047b7dc10f4c86fde316e,
1750356048886,0x716bd8d3337972db99995dda5c4b34d954a61d95,spotSend,HYPE:0x0d01dc56dcaaca66ad901c959b4011ec,5012.87285715,0x716bd8d3337972db99995dda5c4b34d954a61d95,0xa4b1,Mainnet,634738658,0xa3759fadc5077c2710c80425d557e20201f2008fde91e7fdc40f764e043141d3,
1750352449195,0x716bd8d3337972db99995dda5c4b34d954a61d95,spotSend,HYPE:0x0d01dc56dcaaca66ad901c959b4011ec,5390.06981428,0x716bd8d3337972db99995dda5c4b34d954a61d95,0xa4b1,Mainnet,634691788,0xa82819aeeefe7a1fb3dd0425d4a0cc015800a68cdc814880617aae6c95525fea,
1750348849775,0x716bd8d3337972db99995dda5c4b34d954a61d95,spotSend,HYPE:0x0d01dc56dcaaca66ad901c959b4011ec,4178.82495,0x716bd8d3337972db99995dda5c4b34d954a61d95,0xa4b1,Mainnet,634644590,0xb94c966408d85a1116940425d3e86e01d2009ddb19712079bcec0a7cb076e98b,
1750345246947,0x716bd8d3337972db99995dda5c4b34d954a61d95,spotSend,HYPE:0x0d01dc56dcaaca66ad901c959b4011ec,32143.11343475,0x716bd8d3337972db99995dda5c4b34d954a61d95,0xa4b1,Mainnet,634596932,0xebbb37921fc98c5467840425d32e4402016500dc7b5652121d7445bb89093869,
1750289776724,0x716bd8d3337972db99995dda5c4b34d954a61d95,spotSend,HYPE:0x0d01dc56dcaaca66ad901c959b4011ec,15000,0x716bd8d3337972db99995dda5c4b34d954a61d95,0xa4b1,Mainnet,633883781,0xd19cb9d1b6fd824dd3310425c84c85016900276a7e18fc3c79824ffa89b87c23,
1750264128615,0x716bd8d3337972db99995dda5c4b34d954a61d95,spotSend,HYPE:0x0d01dc56dcaaca66ad901c959b4011ec,100000,0x156fdf14cdb80c9623b5eb06a164a799aa719119,0xa4b1,Mainnet,633554564,0xf037a0b51164cc2527b30425c3468401b900fbc5eee7ac03fa9b35847fd484a4,
1750212049730,0x716bd8d3337972db99995dda5c4b34d954a61d95,spotSend,HYPE:0x0d01dc56dcaaca66ad901c959b4011ec,78557.67807017,0x716bd8d3337972db99995dda5c4b34d954a61d95,0xa4b1,Mainnet,632889951,0xff3d31c19624e379d5cb0425b9225f0160008279ecaeeb736f372c81aac4e5ed,
1750129100796,0x716bd8d3337972db99995dda5c4b34d954a61d95,spotSend,HYPE:0x0d01dc56dcaaca66ad901c959b4011ec,100000,0x156fdf14cdb80c9623b5eb06a164a799aa719119,0xa4b1,Mainnet,631818813,0x1045ed67f1d8ca7e86f70425a8ca3d02013f00ed1668f76b706786822b781d3c,
1750082447663,0x716bd8d3337972db99995dda5c4b34d954a61d95,spotSend,HYPE:0x0d01dc56dcaaca66ad901c959b4011ec,1613.23248215,0x716bd8d3337972db99995dda5c4b34d954a61d95,0xa4b1,Mainnet,631222985,0x2da3a98e4a8281d96e4804259fb2c902013400ac70c07a6b20763189f281711f,
1749949249765,0x716bd8d3337972db99995dda5c4b34d954a61d95,spotSend,HYPE:0x0d01dc56dcaaca66ad901c959b4011ec,4088.00565019,0x716bd8d3337972db99995dda5c4b34d954a61d95,0xa4b1,Mainnet,629521451,0x154e553f93d7e9e1aa81042585bc2b01df0026143fa370eea6a64f40ede406c0,
1749938449681,0x716bd8d3337972db99995dda5c4b34d954a61d95,spotSend,HYPE:0x0d01dc56dcaaca66ad901c959b4011ec,3535.1811,0x716bd8d3337972db99995dda5c4b34d954a61d95,0xa4b1,Mainnet,629383204,0x14793306d5663eb52e99042583a02401ec00e66db1e79cf851d865115ed301bc,
1749934849680,0x716bd8d3337972db99995dda5c4b34d954a61d95,spotSend,HYPE:0x0d01dc56dcaaca66ad901c959b4011ec,5377.26067384,0x716bd8d3337972db99995dda5c4b34d954a61d95,0xa4b1,Mainnet,629336446,0x0538eddab757277304ea042582e97e01a700149cbb882350fb7a1a03133e604b,
1749931249910,0x716bd8d3337972db99995dda5c4b34d954a61d95,spotSend,HYPE:0x0d01dc56dcaaca66ad901c959b4011ec,4353.47943212,0x716bd8d3337972db99995dda5c4b34d954a61d95,0xa4b1,Mainnet,629289522,0x241ba8bb74b5193018320425823232020151004bd0cd43f9de28edd1d27aa424,
1749924049816,0x716bd8d3337972db99995dda5c4b34d954a61d95,spotSend,HYPE:0x0d01dc56dcaaca66ad901c959b4011ec,849.4406169,0x716bd8d3337972db99995dda5c4b34d954a61d95,0xa4b1,Mainnet,629195870,0x410a94bc19d88200af8f042580c45e01ab00e9b495ac2f00b75cc34424d7a6e5,
1749780050407,0x716bd8d3337972db99995dda5c4b34d954a61d95,spotSend,HYPE:0x0d01dc56dcaaca66ad901c959b4011ec,1778.24743571,0x716bd8d3337972db99995dda5c4b34d954a61d95,0xa4b1,Mainnet,627350396,0xb230cc9241f33ec890da0425649b7c02080700e2de607a00a11a9ead2e25e7fa,
1749776451538,0x716bd8d3337972db99995dda5c4b34d954a61d95,spotSend,HYPE:0x0d01dc56dcaaca66ad901c959b4011ec,5760.98742156,0x716bd8d3337972db99995dda5c4b34d954a61d95,0xa4b1,Mainnet,627306086,0x1b3345b055a46250fd7d042563ee6601b1003174012098c1b91c34f88cd91d9d,
1749747648948,0x716bd8d3337972db99995dda5c4b34d954a61d95,spotSend,HYPE:0x0d01dc56dcaaca66ad901c959b4011ec,2146.04897721,0x716bd8d3337972db99995dda5c4b34d954a61d95,0xa4b1,Mainnet,626933665,0x0c2f0eecfad09454649c04255e3fa102011a00b88b307d806ba2e387977a5733,
1749740437634,0x716bd8d3337972db99995dda5c4b34d954a61d95,spotSend,HYPE:0x0d01dc56dcaaca66ad901c959b4011ec,437.61565647,0x716bd8d3337972db99995dda5c4b34d954a61d95,0xa4b1,Mainnet,626839109,0x32a26e2b25607ee04f4804255cce4501ac002ea7cd73af16aa17d73096b82a76,
1749736837019,0x716bd8d3337972db99995dda5c4b34d954a61d95,spotSend,HYPE:0x0d01dc56dcaaca66ad901c959b4011ec,3459.98516205,0x716bd8d3337972db99995dda5c4b34d954a61d95,0xa4b1,Mainnet,626791128,0x1f74c83746d8407ef18c04255c12d801dd00ab486d773a16687797bbb905b873,
1749632409111,0x716bd8d3337972db99995dda5c4b34d954a61d95,spotSend,HYPE:0x0d01dc56dcaaca66ad901c959b4011ec,106600,0x156fdf14cdb80c9623b5eb06a164a799aa719119,0xa4b1,Mainnet,625428187,0x5f3b8c74806a1375dab504254746db01f10022fc77fd31cea01bc627a95eb939,
1749600037337,0x716bd8d3337972db99995dda5c4b34d954a61d95,spotSend,HYPE:0x0d01dc56dcaaca66ad901c959b4011ec,3931.34245668,0x716bd8d3337972db99995dda5c4b34d954a61d95,0xa4b1,Mainnet,625007573,0x778cb0800987b6f5620c042540dbd50202eb008d56478ec46fec3132bac29c0e,
1749596436977,0x716bd8d3337972db99995dda5c4b34d954a61d95,spotSend,HYPE:0x0d01dc56dcaaca66ad901c959b4011ec,15703.0481508,0x716bd8d3337972db99995dda5c4b34d954a61d95,0xa4b1,Mainnet,624960552,0x2635ef993b5380e6d99a04254024280205650004b388a6e9aa98ddc47ed6f4af,
1749592836952,0x716bd8d3337972db99995dda5c4b34d954a61d95,spotSend,HYPE:0x0d01dc56dcaaca66ad901c959b4011ec,2745.47863199,0x716bd8d3337972db99995dda5c4b34d954a61d95,0xa4b1,Mainnet,624913062,0x56703c1a25c35bd3147a04253f6aa601d900af7dd855a14f69aec75f0d1f509b,
1749589236804,0x716bd8d3337972db99995dda5c4b34d954a61d95,spotSend,HYPE:0x0d01dc56dcaaca66ad901c959b4011ec,11553.17667029,0x716bd8d3337972db99995dda5c4b34d954a61d95,0xa4b1,Mainnet,624866182,0xb2b169dd4574f7b64dff04253eb3860201100034992220ca5e007304eb3ac1f5,
1749560437366,0x716bd8d3337972db99995dda5c4b34d954a61d95,spotSend,HYPE:0x0d01dc56dcaaca66ad901c959b4011ec,4851.35093275,0x716bd8d3337972db99995dda5c4b34d954a61d95,0xa4b1,Mainnet,624490302,0xd45100e8184d9251cf2b042538f73e019800c6812fc9683dfab06c47a6242e00,
1749556837310,0x716bd8d3337972db99995dda5c4b34d954a61d95,spotSend,HYPE:0x0d01dc56dcaaca66ad901c959b4011ec,1153.83874135,0x716bd8d3337972db99995dda5c4b34d954a61d95,0xa4b1,Mainnet,624442564,0x066b965f9c9356e9729c0425383cc40201d4009f175f6dcfb49451388cdc133a,
1749549636900,0x716bd8d3337972db99995dda5c4b34d954a61d95,spotSend,HYPE:0x0d01dc56dcaaca66ad901c959b4011ec,12675.45306375,0x716bd8d3337972db99995dda5c4b34d954a61d95,0xa4b1,Mainnet,624347935,0xeec801f281c834d2d4b0042536cb1f016e00b4066abfd2ead4e95b89d7eabf26,
1749546037100,0x716bd8d3337972db99995dda5c4b34d954a61d95,spotSend,HYPE:0x0d01dc56dcaaca66ad901c959b4011ec,1282.49189176,0x716bd8d3337972db99995dda5c4b34d954a61d95,0xa4b1,Mainnet,624300144,0x97629c54c00ecd3d7a0b042536107001990085d909e705dcbb8140f3daef5a7c,
1749542436861,0x716bd8d3337972db99995dda5c4b34d954a61d95,spotSend,HYPE:0x0d01dc56dcaaca66ad901c959b4011ec,2663.09128142,0x716bd8d3337972db99995dda5c4b34d954a61d95,0xa4b1,Mainnet,624253017,0xad579478897abb1d0a17042535585901ee00d39d356c734f082ccf4f307bef66,
1749535236901,0x716bd8d3337972db99995dda5c4b34d954a61d95,spotSend,HYPE:0x0d01dc56dcaaca66ad901c959b4011ec,9119.70109733,0x716bd8d3337972db99995dda5c4b34d954a61d95,0xa4b1,Mainnet,624159746,0xbf53cc8af0520d16f24b042533ec0202011b004b63895d940f8fd081d7dc046d,
1749531636720,0x716bd8d3337972db99995dda5c4b34d954a61d95,spotSend,HYPE:0x0d01dc56dcaaca66ad901c959b4011ec,436.42041791,0x716bd8d3337972db99995dda5c4b34d954a61d95,0xa4b1,Mainnet,624113018,0xe0d00668fa1fafe763b2042533357a0201f6006552133506b96187e8aa4e5ee7,
1749528037206,0x716bd8d3337972db99995dda5c4b34d954a61d95,spotSend,HYPE:0x0d01dc56dcaaca66ad901c959b4011ec,795.82467726,0x716bd8d3337972db99995dda5c4b34d954a61d95,0xa4b1,Mainnet,624066469,0x1967c2feea05186afc750425327fa501a500cb68ed52fc563b685a7627956291,
1749524437072,0x716bd8d3337972db99995dda5c4b34d954a61d95,spotSend,HYPE:0x0d01dc56dcaaca66ad901c959b4011ec,8442.1229022,0x716bd8d3337972db99995dda5c4b34d954a61d95,0xa4b1,Mainnet,624019661,0xf95910c38ab51ebe172d042531c8cd01a60068152b15920ca9f6d5c8a2c3df1c,
1749520836990,0x716bd8d3337972db99995dda5c4b34d954a61d95,spotSend,HYPE:0x0d01dc56dcaaca66ad901c959b4011ec,7054.0093051,0x716bd8d3337972db99995dda5c4b34d954a61d95,0xa4b1,Mainnet,623972805,0x1327f0b62c976b31d41404253111c501c70030d941086e8fcc20faea85b44a28,
1749517236661,0x716bd8d3337972db99995dda5c4b34d954a61d95,spotSend,HYPE:0x0d01dc56dcaaca66ad901c959b4011ec,8999.62746636,0x716bd8d3337972db99995dda5c4b34d954a61d95,0xa4b1,Mainnet,623925992,0x82f64934b02e68dff9ce0425305ae80201510044fd43e55ac07764f18052639f,
1749513636988,0x716bd8d3337972db99995dda5c4b34d954a61d95,spotSend,HYPE:0x0d01dc56dcaaca66ad901c959b4011ec,22563.01157773,0x716bd8d3337972db99995dda5c4b34d954a61d95,0xa4b1,Mainnet,623878926,0xeb7bc4ac2ddf534fbbe704252fa30e015500a9b9396949ceb2c2fb975657743b,
1749510038281,0x716bd8d3337972db99995dda5c4b34d954a61d95,spotSend,HYPE:0x0d01dc56dcaaca66ad901c959b4011ec,13673.15233596,0x716bd8d3337972db99995dda5c4b34d954a61d95,0xa4b1,Mainnet,623831995,0x8977da71cf6461f8f15804252eebbb02010600ca7027f5237e656fc071a1ad2a,
1749355266094,0x716bd8d3337972db99995dda5c4b34d954a61d95,spotSend,HYPE:0x0d01dc56dcaaca66ad901c959b4011ec,2805.17505714,0x716bd8d3337972db99995dda5c4b34d954a61d95,0xa4b1,Mainnet,621911194,0x8b338cb24336676fe5950425119c9a0188004a432bbf9495f31ecb3cbd8a08db,
1749344437744,0x716bd8d3337972db99995dda5c4b34d954a61d95,spotSend,HYPE:0x0d01dc56dcaaca66ad901c959b4011ec,493.22785714,0x716bd8d3337972db99995dda5c4b34d954a61d95,0xa4b1,Mainnet,621772432,0x5b39c68a09c4a86ef4f004250f7e9001a4000d4db8885295f27a8b36c6fec672,
1749340837965,0x716bd8d3337972db99995dda5c4b34d954a61d95,spotSend,HYPE:0x0d01dc56dcaaca66ad901c959b4011ec,1567.98425886,0x716bd8d3337972db99995dda5c4b34d954a61d95,0xa4b1,Mainnet,621726457,0x7c899e1868200ca422cf04250ecaf9020230005e1e5fd23669b1ac727c057e83,
1749337265624,0x716bd8d3337972db99995dda5c4b34d954a61d95,spotSend,HYPE:0x0d01dc56dcaaca66ad901c959b4011ec,570.34879758,0x716bd8d3337972db99995dda5c4b34d954a61d95,0xa4b1,Mainnet,621680984,0xebe6e80e1fde54e268a604250e195802012500953a5e42fe996f7b00d4e80703,
1749333637999,0x716bd8d3337972db99995dda5c4b34d954a61d95,spotSend,HYPE:0x0d01dc56dcaaca66ad901c959b4011ec,561.07431311,0x716bd8d3337972db99995dda5c4b34d954a61d95,0xa4b1,Mainnet,621634675,0xf2ac769909667daedac504250d647301c300cddf078ce102289f688630f45621,
1749330037682,0x716bd8d3337972db99995dda5c4b34d954a61d95,spotSend,HYPE:0x0d01dc56dcaaca66ad901c959b4011ec,1540.90986398,0x716bd8d3337972db99995dda5c4b34d954a61d95,0xa4b1,Mainnet,621589229,0x21ddc9005cf5c3243e9504250cb2ed018000f69654eb04cf87aae2666b8c4b35,
1749319265737,0x716bd8d3337972db99995dda5c4b34d954a61d95,spotSend,HYPE:0x0d01dc56dcaaca66ad901c959b4011ec,4048.54383506,0x716bd8d3337972db99995dda5c4b34d954a61d95,0xa4b1,Mainnet,621451478,0xefa13f0616bc7d1ce51204250a98d60201d700a7ce9d7f4f8901371ddd448f06,
1749315666084,0x716bd8d3337972db99995dda5c4b34d954a61d95,spotSend,HYPE:0x0d01dc56dcaaca66ad901c959b4011ec,10516.98855987,0x716bd8d3337972db99995dda5c4b34d954a61d95,0xa4b1,Mainnet,621405407,0x0327c7761bd5dc214080042509e4df01c200dccef3faaac6d61f4f613b2fdb17,
1749308465876,0x716bd8d3337972db99995dda5c4b34d954a61d95,spotSend,HYPE:0x0d01dc56dcaaca66ad901c959b4011ec,930.33128539,0x716bd8d3337972db99995dda5c4b34d954a61d95,0xa4b1,Mainnet,621313013,0x6eed6be1306f5a88fbf90425087bf50201b10077773b51b684ce214ab7f43424,
1749304865796,0x716bd8d3337972db99995dda5c4b34d954a61d95,spotSend,HYPE:0x0d01dc56dcaaca66ad901c959b4011ec,4591.6218792,0x716bd8d3337972db99995dda5c4b34d954a61d95,0xa4b1,Mainnet,621266252,0x39a2c839f40e53bc3e9c042507c54c020193003ee0c1cd7bc82a208aa971bcb9,
1749301265768,0x716bd8d3337972db99995dda5c4b34d954a61d95,spotSend,HYPE:0x0d01dc56dcaaca66ad901c959b4011ec,5044.48991517,0x716bd8d3337972db99995dda5c4b34d954a61d95,0xa4b1,Mainnet,621219794,0xacfb33931f9394492c930425070fd2017000ed85d4f2a47a59fcfd8af45fba5e,
1749297665773,0x716bd8d3337972db99995dda5c4b34d954a61d95,spotSend,HYPE:0x0d01dc56dcaaca66ad901c959b4011ec,4123.82238943,0x716bd8d3337972db99995dda5c4b34d954a61d95,0xa4b1,Mainnet,621173267,0x977f30758e983a77bcb00425065a130201f7007983fcaccd43118243eb40f9d1,
1749294065937,0x716bd8d3337972db99995dda5c4b34d954a61d95,spotSend,HYPE:0x0d01dc56dcaaca66ad901c959b4011ec,1264.88515858,0x716bd8d3337972db99995dda5c4b34d954a61d95,0xa4b1,Mainnet,621127052,0x8aa7dbd57b0fc25f2e01042505a58c01ad00697c06b18ad57c5a8860f65cf81c,
1749290439833,0x716bd8d3337972db99995dda5c4b34d954a61d95,spotSend,HYPE:0x0d01dc56dcaaca66ad901c959b4011ec,657.9591988,0x716bd8d3337972db99995dda5c4b34d954a61d95,0xa4b1,Mainnet,621080545,0x78eeb90eac8da5b2175c042504efe102012b000fb47e10271a02d6fe375b5c2b,
1749286838847,0x716bd8d3337972db99995dda5c4b34d954a61d95,spotSend,HYPE:0x0d01dc56dcaaca66ad901c959b4011ec,3803.89594421,0x716bd8d3337972db99995dda5c4b34d954a61d95,0xa4b1,Mainnet,621034318,0x74c151f34ad86364d40f0425043b4e01600007e9ffdcd4aa36c324daa8f95646,
1749276039275,0x716bd8d3337972db99995dda5c4b34d954a61d95,spotSend,HYPE:0x0d01dc56dcaaca66ad901c959b4011ec,1718.02053872,0x716bd8d3337972db99995dda5c4b34d954a61d95,0xa4b1,Mainnet,620895104,0xb7de7cd92f4a479ab5ba0425021b80013d004c50d1656dda82886fa2f3f4b729,
1749272465873,0x716bd8d3337972db99995dda5c4b34d954a61d95,spotSend,HYPE:0x0d01dc56dcaaca66ad901c959b4011ec,376.22978002,0x716bd8d3337972db99995dda5c4b34d954a61d95,0xa4b1,Mainnet,620849184,0xd3aabbdead61023a7fc10425016820017a00ccdf8e033f1ff37e592451655b96,
1749268867549,0x716bd8d3337972db99995dda5c4b34d954a61d95,spotSend,HYPE:0x0d01dc56dcaaca66ad901c959b4011ec,135389.86888632,0x716bd8d3337972db99995dda5c4b34d954a61d95,0xa4b1,Mainnet,620802923,0x3416ce6eb30f0e457dd4042500b36b01ca0063081f57c7d8cf6a2076c837d871,
1749190300038,0x716bd8d3337972db99995dda5c4b34d954a61d95,spotSend,HYPE:0x0d01dc56dcaaca66ad901c959b4011ec,300000,0x156fdf14cdb80c9623b5eb06a164a799aa719119,0xa4b1,Mainnet,619795431,0x3b4b18a27349fdbc548a0424f153e7020153005c26a335b7d5cd1b3508c43875,
1749150066363,0x716bd8d3337972db99995dda5c4b34d954a61d95,spotSend,HYPE:0x0d01dc56dcaaca66ad901c959b4011ec,4307.21845,0x716bd8d3337972db99995dda5c4b34d954a61d95,0xa4b1,Mainnet,619283134,0x79ffdd63ec9d1f2ae03f0424e982be020371007b564b251fd93749b484794efd,
1749139266299,0x716bd8d3337972db99995dda5c4b34d954a61d95,spotSend,HYPE:0x0d01dc56dcaaca66ad901c959b4011ec,28585.65910355,0x716bd8d3337972db99995dda5c4b34d954a61d95,0xa4b1,Mainnet,619144906,0xa63c12d92a08ce54a4f00424e766ca02015f00b9161a7d7abb8e3229a0a6502d,
1749053138325,0x716bd8d3337972db99995dda5c4b34d954a61d95,spotSend,HYPE:0x0d01dc56dcaaca66ad901c959b4011ec,100000,0x156fdf14cdb80c9623b5eb06a164a799aa719119,0xa4b1,Mainnet,618038046,0x659b628ab90cf448e9b90424d6831e02018600f5c537e1a3925c21e7ccf0d5ca,
1749016870166,0x716bd8d3337972db99995dda5c4b34d954a61d95,spotSend,HYPE:0x0d01dc56dcaaca66ad901c959b4011ec,1911.73408965,0x716bd8d3337972db99995dda5c4b34d954a61d95,0xa4b1,Mainnet,617568362,0x7c9b068cfd6f5b17a66c0424cf586a016d00e99e2c3c32d876aa7314e97d6a6f,
1749009670380,0x716bd8d3337972db99995dda5c4b34d954a61d95,spotSend,HYPE:0x0d01dc56dcaaca66ad901c959b4011ec,102579.53217372,0x716bd8d3337972db99995dda5c4b34d954a61d95,0xa4b1,Mainnet,617475979,0x35783beef4e4023f280b0424cdef8b018c008ccb5349ba4a260be9ab0bb3b4fb,
1748935297027,0x716bd8d3337972db99995dda5c4b34d954a61d95,spotSend,HYPE:0x0d01dc56dcaaca66ad901c959b4011ec,173400,0x156fdf14cdb80c9623b5eb06a164a799aa719119,0xa4b1,Mainnet,616517552,0x80bab7923bdd655ae4dc0424bf4fb001b30087276fb0c49a0bca8cf4456bd8ea,
1748898069557,0x716bd8d3337972db99995dda5c4b34d954a61d95,spotSend,HYPE:0x0d01dc56dcaaca66ad901c959b4011ec,23677.83121198,0x716bd8d3337972db99995dda5c4b34d954a61d95,0xa4b1,Mainnet,616038578,0xae7491874afbad7f1acf0424b800b201470043f6b7182012e6d156cbaafd9344,
1748894469415,0x716bd8d3337972db99995dda5c4b34d954a61d95,spotSend,HYPE:0x0d01dc56dcaaca66ad901c959b4011ec,16096.11626452,0x716bd8d3337972db99995dda5c4b34d954a61d95,0xa4b1,Mainnet,615991487,0xa3544bc60632a2d7a82a0424b748bf01a900202d13ae62078a838407fc5d9951,
1748847669133,0x716bd8d3337972db99995dda5c4b34d954a61d95,spotSend,HYPE:0x0d01dc56dcaaca66ad901c959b4011ec,4281.36177612,0x716bd8d3337972db99995dda5c4b34d954a61d95,0xa4b1,Mainnet,615386944,0x5aec40d4d9c97d37d2b20424ae0f4001930037570a02d3a6640ab51d74af83e2,
1748844068902,0x716bd8d3337972db99995dda5c4b34d954a61d95,spotSend,HYPE:0x0d01dc56dcaaca66ad901c959b4011ec,5132.86643556,0x716bd8d3337972db99995dda5c4b34d954a61d95,0xa4b1,Mainnet,615340525,0x26c5810da5d78a1cf6d50424ad59ed02013e003fcd69c3b475c6a93d5e4f60ff,
1748829669089,0x716bd8d3337972db99995dda5c4b34d954a61d95,spotSend,HYPE:0x0d01dc56dcaaca66ad901c959b4011ec,4150.65349655,0x716bd8d3337972db99995dda5c4b34d954a61d95,0xa4b1,Mainnet,615155389,0x8e3eaf5ac2240e8b2d220424aa86bd0202250012eebb1e951472160acebd003a,
1748826068865,0x716bd8d3337972db99995dda5c4b34d954a61d95,spotSend,HYPE:0x0d01dc56dcaaca66ad901c959b4011ec,27538.25122822,0x716bd8d3337972db99995dda5c4b34d954a61d95,0xa4b1,Mainnet,615109038,0x4715ef8951cd626733330424a9d1ae018500dc8417e84b73f6e77db58dde1d15,
1748822469411,0x716bd8d3337972db99995dda5c4b34d954a61d95,spotSend,HYPE:0x0d01dc56dcaaca66ad901c959b4011ec,351.88617925,0x716bd8d3337972db99995dda5c4b34d954a61d95,0xa4b1,Mainnet,615062793,0xaf53eab687cdf1530a130424a91d0902019c00bc7b94d809e42641f81f010eb5,
1748815268902,0x716bd8d3337972db99995dda5c4b34d954a61d95,spotSend,HYPE:0x0d01dc56dcaaca66ad901c959b4011ec,3583.13408399,0x716bd8d3337972db99995dda5c4b34d954a61d95,0xa4b1,Mainnet,614970691,0x90d618af625f386358f60424a7b5430201370011df1c0b225bdc8755dabf6ec6,
1748811669445,0x716bd8d3337972db99995dda5c4b34d954a61d95,spotSend,HYPE:0x0d01dc56dcaaca66ad901c959b4011ec,6938.28720147,0x716bd8d3337972db99995dda5c4b34d954a61d95,0xa4b1,Mainnet,614924695,0xa38845d68c93bd2e4da30424a7019702011000795a8f59838fcd97fd67759544,
1748808069160,0x716bd8d3337972db99995dda5c4b34d954a61d95,spotSend,HYPE:0x0d01dc56dcaaca66ad901c959b4011ec,2379.34608105,0x716bd8d3337972db99995dda5c4b34d954a61d95,0xa4b1,Mainnet,614878033,0x5724e56939e069bb48f30424a64b5101cf008a70b078828dd52f5b87298c8da4,
1748804469103,0x716bd8d3337972db99995dda5c4b34d954a61d95,spotSend,HYPE:0x0d01dc56dcaaca66ad901c959b4011ec,4700.87494754,0x716bd8d3337972db99995dda5c4b34d954a61d95,0xa4b1,Mainnet,614831839,0x85eb32644f2b11c5d4a60424a596df0201fd0087ccf011172640188d1a6fdfff,
1748800869397,0x716bd8d3337972db99995dda5c4b34d954a61d95,spotSend,HYPE:0x0d01dc56dcaaca66ad901c959b4011ec,3356.6049712,0x716bd8d3337972db99995dda5c4b34d954a61d95,0xa4b1,Mainnet,614785497,0x31ef1b86c72cf3a8767c0424a4e1d90201240032dcb5f7c767d8c5e385accc2b,
1748790068928,0x716bd8d3337972db99995dda5c4b34d954a61d95,spotSend,HYPE:0x0d01dc56dcaaca66ad901c959b4011ec,1094.57662591,0x716bd8d3337972db99995dda5c4b34d954a61d95,0xa4b1,Mainnet,614647638,0xdf4f9eb298db735ad1440424a2c756018900588d8ec12da8bdedf47322aa2760,
1748786436886,0x716bd8d3337972db99995dda5c4b34d954a61d95,spotSend,HYPE:0x0d01dc56dcaaca66ad901c959b4011ec,498.19411931,0x716bd8d3337972db99995dda5c4b34d954a61d95,0xa4b1,Mainnet,614601104,0x11d9c802ea372ed65a070424a2119001690047f08cb68bd4405b4fe3e038b44d,
1748779268066,0x716bd8d3337972db99995dda5c4b34d954a61d95,spotSend,HYPE:0x0d01dc56dcaaca66ad901c959b4011ec,2399.45483249,0x716bd8d3337972db99995dda5c4b34d954a61d95,0xa4b1,Mainnet,614508786,0x1d3dcde13b2b0512b0290424a0a8f201cd00b1c22928c30cb5a458f3cbc70272,
1748761267166,0x716bd8d3337972db99995dda5c4b34d954a61d95,spotSend,HYPE:0x0d01dc56dcaaca66ad901c959b4011ec,8799.6836,0x716bd8d3337972db99995dda5c4b34d954a61d95,0xa4b1,Mainnet,614285210,0x5ccd443541f2fe08e95d04249d3f9a01a900bc2f0d68fbd6c78785a1c62fa576,
1748757666970,0x716bd8d3337972db99995dda5c4b34d954a61d95,spotSend,HYPE:0x0d01dc56dcaaca66ad901c959b4011ec,7629.1821849,0x716bd8d3337972db99995dda5c4b34d954a61d95,0xa4b1,Mainnet,614239911,0x63e763c0d647dd6909b804249c8ea70201c300ab82871dd979ad542c72c3971d,
1748754066873,0x716bd8d3337972db99995dda5c4b34d954a61d95,spotSend,HYPE:0x0d01dc56dcaaca66ad901c959b4011ec,10228.60823828,0x716bd8d3337972db99995dda5c4b34d954a61d95,0xa4b1,Mainnet,614194260,0x2be0005155c0a1754ffc04249bdc5401f700467c039cd8fcdea2e4e004351ccf,
1748750466999,0x716bd8d3337972db99995dda5c4b34d954a61d95,spotSend,HYPE:0x0d01dc56dcaaca66ad901c959b4011ec,9930.75711192,0x716bd8d3337972db99995dda5c4b34d954a61d95,0xa4b1,Mainnet,614148738,0x18a3db92bb8d71e7fe9604249b2a82020102000d653afc6bd9303f10a7fe4b5c,
1748746838711,0x716bd8d3337972db99995dda5c4b34d954a61d95,spotSend,HYPE:0x0d01dc56dcaaca66ad901c959b4011ec,8642.00662236,0x716bd8d3337972db99995dda5c4b34d954a61d95,0xa4b1,Mainnet,614102881,0x05a747737a441636f96604249a776101530001539ccb521918f09754b4159ff7,
1748743268231,0x716bd8d3337972db99995dda5c4b34d954a61d95,spotSend,HYPE:0x0d01dc56dcaaca66ad901c959b4011ec,9148.86647879,0x716bd8d3337972db99995dda5c4b34d954a61d95,0xa4b1,Mainnet,614057234,0xc33265041022f1c39044042499c512020287006d4462b603113358484fd74b43,
1748739638954,0x716bd8d3337972db99995dda5c4b34d954a61d95,spotSend,HYPE:0x0d01dc56dcaaca66ad901c959b4011ec,501.54547328,0x716bd8d3337972db99995dda5c4b34d954a61d95,0xa4b1,Mainnet,614011057,0x3d8ef261da8f16824d0c04249910b10201a2004e43beb8bcc75e5c1820c480ef,
1748736066107,0x716bd8d3337972db99995dda5c4b34d954a61d95,spotSend,HYPE:0x0d01dc56dcaaca66ad901c959b4011ec,4640.73647818,0x716bd8d3337972db99995dda5c4b34d954a61d95,0xa4b1,Mainnet,613965352,0xe1900ccaf67e50681c0f0424985e280192004183bbcb14e67146f14cba1e6dff,
1748732469237,0x716bd8d3337972db99995dda5c4b34d954a61d95,spotSend,HYPE:0x0d01dc56dcaaca66ad901c959b4011ec,8868.02896871,0x716bd8d3337972db99995dda5c4b34d954a61d95,0xa4b1,Mainnet,613920208,0x50fca6bed2a8bea6b859042497add0020120004558a4eeecfcada96e8bca0be4,
1748660467656,0x716bd8d3337972db99995dda5c4b34d954a61d95,spotSend,HYPE:0x0d01dc56dcaaca66ad901c959b4011ec,2276.67553044,0x716bd8d3337972db99995dda5c4b34d954a61d95,0xa4b1,Mainnet,613005451,0x2e0bf04965752c915fda042489b88b02057b00bb805bd515a76f99c0d53b8fa8,
1748656867519,0x716bd8d3337972db99995dda5c4b34d954a61d95,spotSend,HYPE:0x0d01dc56dcaaca66ad901c959b4011ec,4953.24575031,0x716bd8d3337972db99995dda5c4b34d954a61d95,0xa4b1,Mainnet,612960181,0xf828ba490a14de22f85504248907b502053600f753f7bdd4571948dec22a4eef,
1748653239382,0x716bd8d3337972db99995dda5c4b34d954a61d95,spotSend,HYPE:0x0d01dc56dcaaca66ad901c959b4011ec,137105.87074601,0x716bd8d3337972db99995dda5c4b34d954a61d95,0xa4b1,Mainnet,612916216,0xd9d070384a74cd94ac7e0424885bf8020473004c35ead3db3d67804e81b6f6ac,
1748579617907,0x716bd8d3337972db99995dda5c4b34d954a61d95,spotSend,HYPE:0x0d01dc56dcaaca66ad901c959b4011ec,100000,0x156fdf14cdb80c9623b5eb06a164a799aa719119,0xa4b1,Mainnet,611982045,0xa20bd84c7768957c42c704247a1add015a0086743cf4f66d23fa1b274a6a2694,
1748484039352,0x716bd8d3337972db99995dda5c4b34d954a61d95,spotSend,HYPE:0x0d01dc56dcaaca66ad901c959b4011ec,17846.30171156,0x716bd8d3337972db99995dda5c4b34d954a61d95,0xa4b1,Mainnet,610750271,0x16b7585d5bc6eb9e8ae60424674f3f02013300cfba134f76bb63960ccf16b858,
1748480439929,0x716bd8d3337972db99995dda5c4b34d954a61d95,spotSend,HYPE:0x0d01dc56dcaaca66ad901c959b4011ec,3499.53012504,0x716bd8d3337972db99995dda5c4b34d954a61d95,0xa4b1,Mainnet,610703495,0x48f21046c17a443d1e4a04246698870195001132d5e40352c633d485d45a2801,
1748476837873,0x716bd8d3337972db99995dda5c4b34d954a61d95,spotSend,HYPE:0x0d01dc56dcaaca66ad901c959b4011ec,7278.98467142,0x716bd8d3337972db99995dda5c4b34d954a61d95,0xa4b1,Mainnet,610656787,0xf0a95b78ce4a59eae35d042465e21302010c003121e72598452fe0412bc2f71b,
1748473237850,0x716bd8d3337972db99995dda5c4b34d954a61d95,spotSend,HYPE:0x0d01dc56dcaaca66ad901c959b4011ec,1889.8156284,0x716bd8d3337972db99995dda5c4b34d954a61d95,0xa4b1,Mainnet,610610142,0x3fb9dc810381c66b3f700424652bde01950056da6373cdd55a7350291bb4431e,
1748469639601,0x716bd8d3337972db99995dda5c4b34d954a61d95,spotSend,HYPE:0x0d01dc56dcaaca66ad901c959b4011ec,7552.55750004,0x716bd8d3337972db99995dda5c4b34d954a61d95,0xa4b1,Mainnet,610563481,0x3aebcf5dea9eacd8a5d90424647599020108000f44d6de1f775f794afdb83cca,
1748466037865,0x716bd8d3337972db99995dda5c4b34d954a61d95,spotSend,HYPE:0x0d01dc56dcaaca66ad901c959b4011ec,13138.81582041,0x716bd8d3337972db99995dda5c4b34d954a61d95,0xa4b1,Mainnet,610516893,0xbc0f8edb9a0ac990a542042463bf9d02013f00a2993925bf2e191f1f898d26bc,
1748462437968,0x716bd8d3337972db99995dda5c4b34d954a61d95,spotSend,HYPE:0x0d01dc56dcaaca66ad901c959b4011ec,7922.74377693,0x716bd8d3337972db99995dda5c4b34d954a61d95,0xa4b1,Mainnet,610470283,0x55adc950ad1f501c96d7042463098b0202de003e67aab74a3680ce13a2ea43ab,
1748458838750,0x716bd8d3337972db99995dda5c4b34d954a61d95,spotSend,HYPE:0x0d01dc56dcaaca66ad901c959b4011ec,12182.09874471,0x716bd8d3337972db99995dda5c4b34d954a61d95,0xa4b1,Mainnet,610423730,0xc0ae400bf820da47880704246253b2018e00b53465e524f09b610869fe2925f1,
1748455238916,0x716bd8d3337972db99995dda5c4b34d954a61d95,spotSend,HYPE:0x0d01dc56dcaaca66ad901c959b4011ec,4182.99600516,0x716bd8d3337972db99995dda5c4b34d954a61d95,0xa4b1,Mainnet,610377242,0xaffba67c1620d6a7093b0424619e1a01b500ba7d15e1c1e160c5581eaa7051ba,
1748451666358,0x716bd8d3337972db99995dda5c4b34d954a61d95,spotSend,HYPE:0x0d01dc56dcaaca66ad901c959b4011ec,18154.94130582,0x716bd8d3337972db99995dda5c4b34d954a61d95,0xa4b1,Mainnet,610330801,0x985b54178433cf7918e0042460e8b10201510090c6c92cabdcae18ee62932fa6,
1748444466715,0x716bd8d3337972db99995dda5c4b34d954a61d95,spotSend,HYPE:0x0d01dc56dcaaca66ad901c959b4011ec,1903.0373506,0x716bd8d3337972db99995dda5c4b34d954a61d95,0xa4b1,Mainnet,610237783,0x19c5471d4f66df3f135f04245f7d570206590047ec5e9e2439206cf3530e3fa5,
1748440866728,0x716bd8d3337972db99995dda5c4b34d954a61d95,spotSend,HYPE:0x0d01dc56dcaaca66ad901c959b4011ec,7660.95919094,0x716bd8d3337972db99995dda5c4b34d954a61d95,0xa4b1,Mainnet,610192175,0xceccabb748f4d2898a0b04245ecb2f02055400b5dfde455e0d6eb866249fe6fc,
1748437238137,0x716bd8d3337972db99995dda5c4b34d954a61d95,spotSend,HYPE:0x0d01dc56dcaaca66ad901c959b4011ec,24829.14606639,0x716bd8d3337972db99995dda5c4b34d954a61d95,0xa4b1,Mainnet,610145706,0x8683041bb3353c60c7d004245e15aa0202770065866b8b9436da0499ec1bb580,
1748430038390,0x716bd8d3337972db99995dda5c4b34d954a61d95,spotSend,HYPE:0x0d01dc56dcaaca66ad901c959b4011ec,3674.5227024,0x716bd8d3337972db99995dda5c4b34d954a61d95,0xa4b1,Mainnet,610051664,0x430f9a33fe9c1210623e04245ca6500201c20096b3942b88e2a039031324dc06,
1748412066133,0x716bd8d3337972db99995dda5c4b34d954a61d95,spotSend,HYPE:0x0d01dc56dcaaca66ad901c959b4011ec,558.65201563,0x716bd8d3337972db99995dda5c4b34d954a61d95,0xa4b1,Mainnet,609818384,0x8681c634fbb471e12083042459171001d5005a1302faf5a5637261058e877245,
1748394038716,0x716bd8d3337972db99995dda5c4b34d954a61d95,spotSend,HYPE:0x0d01dc56dcaaca66ad901c959b4011ec,5578.45808452,0x716bd8d3337972db99995dda5c4b34d954a61d95,0xa4b1,Mainnet,609583698,0x7374fa9d004b92f05602042455825202024e00db447e71a84d7b0c8cc09eedd3,
1748390466290,0x716bd8d3337972db99995dda5c4b34d954a61d95,spotSend,HYPE:0x0d01dc56dcaaca66ad901c959b4011ec,4097.84481624,0x716bd8d3337972db99995dda5c4b34d954a61d95,0xa4b1,Mainnet,609536770,0x35d50fdadd50d0a618e3042454cb0202027f00d429a1a17f4db8d791ab1e0291,
1748386837755,0x716bd8d3337972db99995dda5c4b34d954a61d95,spotSend,HYPE:0x0d01dc56dcaaca66ad901c959b4011ec,6201.54594893,0x716bd8d3337972db99995dda5c4b34d954a61d95,0xa4b1,Mainnet,609490158,0x9b9f8e4e6c3903592ae504245414ee01bb007e7810fa44723011146be60ebc53,
1748383238527,0x716bd8d3337972db99995dda5c4b34d954a61d95,spotSend,HYPE:0x0d01dc56dcaaca66ad901c959b4011ec,716.76132229,0x716bd8d3337972db99995dda5c4b34d954a61d95,0xa4b1,Mainnet,609443535,0x8b78e8e403e9f9b25a030424535ecf01a500f739a1cfb7b5e65efea628f0e013,
1748379638510,0x716bd8d3337972db99995dda5c4b34d954a61d95,spotSend,HYPE:0x0d01dc56dcaaca66ad901c959b4011ec,46746.39755768,0x716bd8d3337972db99995dda5c4b34d954a61d95,0xa4b1,Mainnet,609397123,0x130fe890a61a160e86f4042452a98301530089ad037211e585feb58aefd02ec8,
1748314686842,0x716bd8d3337972db99995dda5c4b34d954a61d95,spotSend,PURR:0xc1fb593aeffbeb02f85e0308e9956a90,1000000,0x156fdf14cdb80c9623b5eb06a164a799aa719119,0xa4b1,Mainnet,608553744,0x235dfba1e1a9a1784f0c042445cb10015e00d7cc4abac201e6518df0996fc65c,
1748278927005,0x716bd8d3337972db99995dda5c4b34d954a61d95,spotSend,HYPE:0x0d01dc56dcaaca66ad901c959b4011ec,150000,0x716bd8d3337972db99995dda5c4b34d954a61d95,0xa4b1,Mainnet,608091030,0x2d06e8580f49c9c5ae1304243ebb96015f001d4d7aa19924d303ffa5bf8aed80,
1748227117880,0x716bd8d3337972db99995dda5c4b34d954a61d95,spotSend,PURR:0xc1fb593aeffbeb02f85e0308e9956a90,2000000,0x716bd8d3337972db99995dda5c4b34d954a61d95,0xa4b1,Mainnet,607418946,0xfdbace37cf1fd797e2b90424347a42016f00bccc178402cde09029327a4692e2,
1748226098051,0x716bd8d3337972db99995dda5c4b34d954a61d95,spotSend,PURR:0xc1fb593aeffbeb02f85e0308e9956a90,10,0x156fdf14cdb80c9623b5eb06a164a799aa719119,0xa4b1,Mainnet,607405779,0x8fbe49a2b96acd97f8da04243446d301ae008ace753e7a4326bdc94444cc4bf1,
1748226097900,0x716bd8d3337972db99995dda5c4b34d954a61d95,spotSend,HYPE:0x0d01dc56dcaaca66ad901c959b4011ec,300000,0x156fdf14cdb80c9623b5eb06a164a799aa719119,0xa4b1,Mainnet,607405777,0x33c0b824f06c07db14ff04243446d1015300a766e841e83fe20c16ab1963e901,
1748224505631,0x716bd8d3337972db99995dda5c4b34d954a61d95,spotSend,PURR:0xc1fb593aeffbeb02f85e0308e9956a90,20,0x716bd8d3337972db99995dda5c4b34d954a61d95,0xa4b1,Mainnet,607385149,0x3f315dd18a56cd90f823042433f63d0202f8007e4eb7aa75c5ed31aed1ca4d81,
1748191988963,0x716bd8d3337972db99995dda5c4b34d954a61d95,spotSend,HYPE:0x0d01dc56dcaaca66ad901c959b4011ec,150000,0x716bd8d3337972db99995dda5c4b34d954a61d95,0xa4b1,Mainnet,606965064,0x39f8ee90454f78ab388d04242d8d4802021d0018a2d056daca8ea56a39294ce7,
1748188836841,0x716bd8d3337972db99995dda5c4b34d954a61d95,spotSend,HYPE:0x0d01dc56dcaaca66ad901c959b4011ec,888815.60411293,0x716bd8d3337972db99995dda5c4b34d954a61d95,0xa4b1,Mainnet,606924161,0x8feb4fc6c14609f61a5b04242ced8102020100d6db80957d1b71985b76686ec4,
1748102885967,0x716bd8d3337972db99995dda5c4b34d954a61d95,spotSend,HYPE:0x0d01dc56dcaaca66ad901c959b4011ec,300000,0x156fdf14cdb80c9623b5eb06a164a799aa719119,0xa4b1,Mainnet,605821969,0xbfb1b19e10fd9afdf5e504241c1c1102011400b13d569588b5980c3b24ca0909,
1748053538005,0x716bd8d3337972db99995dda5c4b34d954a61d95,spotSend,HYPE:0x0d01dc56dcaaca66ad901c959b4011ec,368100,0x156fdf14cdb80c9623b5eb06a164a799aa719119,0xa4b1,Mainnet,605186003,0xc1ca211bb3b2e034236f04241267d3015100c9ccf42c42b9167e1a3e85075e71,
1748018585912,0x716bd8d3337972db99995dda5c4b34d954a61d95,spotSend,HYPE:0x0d01dc56dcaaca66ad901c959b4011ec,1500000,0x156fdf14cdb80c9623b5eb06a164a799aa719119,0xa4b1,Mainnet,604733347,0x352ccdb7f53f54b69cf704240b7fa301b8006d32bef6db9f08d0143b39590af9,
1748016066083,0x716bd8d3337972db99995dda5c4b34d954a61d95,spotSend,HYPE:0x0d01dc56dcaaca66ad901c959b4011ec,100000,0x156fdf14cdb80c9623b5eb06a164a799aa719119,0xa4b1,Mainnet,604700778,0xf199da69441948e58c6104240b006a0202f200fd6eb32c596887195aba9a8deb,
1747972869445,0x716bd8d3337972db99995dda5c4b34d954a61d95,spotSend,HYPE:0x0d01dc56dcaaca66ad901c959b4011ec,41971.44959338,0x716bd8d3337972db99995dda5c4b34d954a61d95,0xa4b1,Mainnet,604145294,0xb2d023363175b3c87412042402868e020157001dfddf7ce6911e2ae5fa5fe94d,
1747962069130,0x716bd8d3337972db99995dda5c4b34d954a61d95,spotSend,HYPE:0x0d01dc56dcaaca66ad901c959b4011ec,214967.56163364,0x716bd8d3337972db99995dda5c4b34d954a61d95,0xa4b1,Mainnet,604004400,0x1ac58bfb39ab00bcef78042400603001ee00602da2d1c1eb9d20537c014774ed,
1747934648717,0x716bd8d3337972db99995dda5c4b34d954a61d95,spotSend,USDC:0x6d1e7cde53ba9467b783cb7c530ce054,0.03770739,0x156fdf14cdb80c9623b5eb06a164a799aa719119,0xa4b1,Mainnet,603648064,0xa2f92dbbebed05634a080423faf040020111005f85dcf176220c7b77fc9cf664,
1747933238288,0x716bd8d3337972db99995dda5c4b34d954a61d95,spotSend,HYPE:0x0d01dc56dcaaca66ad901c959b4011ec,37008.28543369,0x716bd8d3337972db99995dda5c4b34d954a61d95,0xa4b1,Mainnet,603629607,0xfd2cf4cd7b2a40f3792a0423faa827020117009c423e0d9d55b06261c2f20083,
1747929669080,0x716bd8d3337972db99995dda5c4b34d954a61d95,spotSend,HYPE:0x0d01dc56dcaaca66ad901c959b4011ec,182400.13548647,0x716bd8d3337972db99995dda5c4b34d954a61d95,0xa4b1,Mainnet,603582959,0x246b3d8811441288f2000423f9f1ef02019200042d70c1823241d6235152dfd9,
1747927268981,0x716bd8d3337972db99995dda5c4b34d954a61d95,spotSend,HYPE:0x0d01dc56dcaaca66ad901c959b4011ec,160000,0x716bd8d3337972db99995dda5c4b34d954a61d95,0xa4b1,Mainnet,603551523,0xe8f0c068954761ff2c5a0423f9772302023500a2828f22dc77e6435714cdd7b8,
1747925437099,0x716bd8d3337972db99995dda5c4b34d954a61d95,spotSend,HYPE:0x0d01dc56dcaaca66ad901c959b4011ec,300000,0x716bd8d3337972db99995dda5c4b34d954a61d95,0xa4b1,Mainnet,603527558,0x715d09aa38af375052dc0423f9198602012c00a10b0c9ab3a76b8d3fe810864b,
1747923037042,0x716bd8d3337972db99995dda5c4b34d954a61d95,spotSend,HYPE:0x0d01dc56dcaaca66ad901c959b4011ec,300000,0x716bd8d3337972db99995dda5c4b34d954a61d95,0xa4b1,Mainnet,603496443,0xfa48a731af702798afe50423f89ffb01ac00cec889b6db5b775b990a5a31a514,
1747918236732,0x716bd8d3337972db99995dda5c4b34d954a61d95,spotSend,HYPE:0x0d01dc56dcaaca66ad901c959b4011ec,300000,0x716bd8d3337972db99995dda5c4b34d954a61d95,0xa4b1,Mainnet,603434324,0xb50f5c003e6773ff86d20423f7ad540166008fed11530b86815a690767ef6cea,
1747911008358,0x716bd8d3337972db99995dda5c4b34d954a61d95,spotSend,HYPE:0x0d01dc56dcaaca66ad901c959b4011ec,300000,0x716bd8d3337972db99995dda5c4b34d954a61d95,0xa4b1,Mainnet,603340023,0xf5c1fd72131c38f070930423f63cf701bd00124304e640c08990ddf36c66842e,
1747898226398,0x716bd8d3337972db99995dda5c4b34d954a61d95,spotSend,HYPE:0x0d01dc56dcaaca66ad901c959b4011ec,300000,0x716bd8d3337972db99995dda5c4b34d954a61d95,0xa4b1,Mainnet,603174622,0xfc83223f4e37e6d0af950423f3b6de02010400022d205b42292f705642c2eafc,
1747897206010,0x716bd8d3337972db99995dda5c4b34d954a61d95,spotSend,HYPE:0x0d01dc56dcaaca66ad901c959b4011ec,300000,0x716bd8d3337972db99995dda5c4b34d954a61d95,0xa4b1,Mainnet,603161088,0xd15d3b8504d3493f1dac0423f382000203b4009d880e0057062d0afdb7e12dff,
1747897177685,0x716bd8d3337972db99995dda5c4b34d954a61d95,spotSend,HYPE:0x0d01dc56dcaaca66ad901c959b4011ec,300000,0x716bd8d3337972db99995dda5c4b34d954a61d95,0xa4b1,Mainnet,603160746,0x7dfb98634cdc801646ee0423f380aa01df008dc4f5115448f9dc8f7ab29f691b,
1747894206061,0x716bd8d3337972db99995dda5c4b34d954a61d95,spotSend,USDC:0x6d1e7cde53ba9467b783cb7c530ce054,0.04152873,0x716bd8d3337972db99995dda5c4b34d954a61d95,0xa4b1,Mainnet,603122429,0x98e57fe8ad2725eae2f80423f2eafd02010c007c225fe25289c04b11656615c0,
1747870925955,0x716bd8d3337972db99995dda5c4b34d954a61d95,spotSend,HYPE:0x0d01dc56dcaaca66ad901c959b4011ec,200000,0x716bd8d3337972db99995dda5c4b34d954a61d95,0xa4b1,Mainnet,602821773,0xe42bdbdffd5c2074a6000423ee548d02037700ab155e78c2ca56dc6deb1e4b59,
1747870897620,0x716bd8d3337972db99995dda5c4b34d954a61d95,spotSend,HYPE:0x0d01dc56dcaaca66ad901c959b4011ec,200000,0x716bd8d3337972db99995dda5c4b34d954a61d95,0xa4b1,Mainnet,602821411,0x7187e9feeb3b828b7f350423ee532301e900d3d4e19924f026d14e5eb51489c4,
1747870806156,0x716bd8d3337972db99995dda5c4b34d954a61d95,spotSend,HYPE:0x0d01dc56dcaaca66ad901c959b4011ec,200000,0x716bd8d3337972db99995dda5c4b34d954a61d95,0xa4b1,Mainnet,602820203,0x8984b258e17794b0c6170423ee4e6b0201e700f88461a36d5b75a6271e24a06c,
1747851575875,0x716bd8d3337972db99995dda5c4b34d954a61d95,spotSend,HYPE:0x0d01dc56dcaaca66ad901c959b4011ec,3000000,0x156fdf14cdb80c9623b5eb06a164a799aa719119,0xa4b1,Mainnet,602574856,0xa58137380b1a3aaa70650423ea90080156004913626c78b5f5006ebb54f862b5,
1747798388535,0x716bd8d3337972db99995dda5c4b34d954a61d95,spotSend,HYPE:0x0d01dc56dcaaca66ad901c959b4011ec,150000,0x156fdf14cdb80c9623b5eb06a164a799aa719119,0xa4b1,Mainnet,601899207,0xd8dc972d4e0c9909314c0423e040c70201e200b8e8b9f61bf52822bc3c9d5c0b,
1747767637271,0x716bd8d3337972db99995dda5c4b34d954a61d95,spotSend,HYPE:0x0d01dc56dcaaca66ad901c959b4011ec,133442.92968584,0x716bd8d3337972db99995dda5c4b34d954a61d95,0xa4b1,Mainnet,601506257,0xf2eeaa32b5545de7c0880423da41d102017c00b220f063298e1a4a86366355ad,
1747764036975,0x716bd8d3337972db99995dda5c4b34d954a61d95,spotSend,HYPE:0x0d01dc56dcaaca66ad901c959b4011ec,1905.01259611,0x716bd8d3337972db99995dda5c4b34d954a61d95,0xa4b1,Mainnet,601460243,0xae464ed0e40abdd1b96e0423d98e1301c50018f5844b731eeb35cd8734928009,
1747760436723,0x716bd8d3337972db99995dda5c4b34d954a61d95,spotSend,HYPE:0x0d01dc56dcaaca66ad901c959b4011ec,2912.92795091,0x716bd8d3337972db99995dda5c4b34d954a61d95,0xa4b1,Mainnet,601413709,0x744d019ec277a5aebf9f0423d8d84d01bf00a70abb361104ddd97fdeb339f358,
1747756836184,0x716bd8d3337972db99995dda5c4b34d954a61d95,spotSend,HYPE:0x0d01dc56dcaaca66ad901c959b4011ec,6712.61722857,0x716bd8d3337972db99995dda5c4b34d954a61d95,0xa4b1,Mainnet,601367500,0xc5a5cca779693facb87b0423d823cc015700df8465df6ae22df4fddbc995ef1e,
1747749637675,0x716bd8d3337972db99995dda5c4b34d954a61d95,spotSend,HYPE:0x0d01dc56dcaaca66ad901c959b4011ec,193003.62890257,0x716bd8d3337972db99995dda5c4b34d954a61d95,0xa4b1,Mainnet,601274707,0x877979afb9db24c07a170423d6b953019f0099b2455784d3b26e5a93103d35f2,
1747684837259,0x716bd8d3337972db99995dda5c4b34d954a61d95,spotSend,HYPE:0x0d01dc56dcaaca66ad901c959b4011ec,4355.43954577,0x716bd8d3337972db99995dda5c4b34d954a61d95,0xa4b1,Mainnet,600447944,0xe66d7d34653576823dde0423ca1bc802022700818e7c74a917fccc083f0317ed,
1747677636140,0x716bd8d3337972db99995dda5c4b34d954a61d95,spotSend,HYPE:0x0d01dc56dcaaca66ad901c959b4011ec,1748.32336892,0x716bd8d3337972db99995dda5c4b34d954a61d95,0xa4b1,Mainnet,600355473,0x6cfebbeaf78cd246c1e70423c8b29102047e009330f7aa159a29d1a3b607f5cc,
1747674036970,0x716bd8d3337972db99995dda5c4b34d954a61d95,spotSend,HYPE:0x0d01dc56dcaaca66ad901c959b4011ec,5644.27148976,0x716bd8d3337972db99995dda5c4b34d954a61d95,0xa4b1,Mainnet,600309478,0xef149658088a12a868210423c7fee60149000f28025d4ff06100485b198df2fa,
1747670436260,0x716bd8d3337972db99995dda5c4b34d954a61d95,spotSend,HYPE:0x0d01dc56dcaaca66ad901c959b4011ec,8011.90040577,0x716bd8d3337972db99995dda5c4b34d954a61d95,0xa4b1,Mainnet,600263310,0x1ddca619ed0fc7bd8a7a0423c74a8e02024a0031e116f7af80e70900f2400321,
1747666836655,0x716bd8d3337972db99995dda5c4b34d954a61d95,spotSend,HYPE:0x0d01dc56dcaaca66ad901c959b4011ec,13207.4896,0x716bd8d3337972db99995dda5c4b34d954a61d95,0xa4b1,Mainnet,600217237,0x4fc4f15e5f379d0061e90423c6969502024b00d6127a10e4d9baa48ead15d76e,
1747663239346,0x716bd8d3337972db99995dda5c4b34d954a61d95,spotSend,HYPE:0x0d01dc56dcaaca66ad901c959b4011ec,22401.75273288,0x716bd8d3337972db99995dda5c4b34d954a61d95,0xa4b1,Mainnet,600170945,0xfd19fe2b902fab3476810423c5e1c102029900c29db303c0187f5c05c7b2f514,
1747659639370,0x716bd8d3337972db99995dda5c4b34d954a61d95,spotSend,HYPE:0x0d01dc56dcaaca66ad901c959b4011ec,10649.64316292,0x716bd8d3337972db99995dda5c4b34d954a61d95,0xa4b1,Mainnet,600125215,0x66f316d7ecf9ad5fac990423c52f1f01d20099ebd0b7ea2432e5450c009bf24a,
1747656037639,0x716bd8d3337972db99995dda5c4b34d954a61d95,spotSend,HYPE:0x0d01dc56dcaaca66ad901c959b4011ec,4398.66833787,0x716bd8d3337972db99995dda5c4b34d954a61d95,0xa4b1,Mainnet,600078581,0xe9064c393bc3814d58ff0423c478f502017300ed8929bc123ebdd1fbbe7b3888,
1747652437919,0x716bd8d3337972db99995dda5c4b34d954a61d95,spotSend,HYPE:0x0d01dc56dcaaca66ad901c959b4011ec,3815.0437103,0x716bd8d3337972db99995dda5c4b34d954a61d95,0xa4b1,Mainnet,600032709,0xd804f7e7dd46dc667ed40423c3c5c5014500452e28c08432f7e1f77faedcc82e,
1747648837575,0x716bd8d3337972db99995dda5c4b34d954a61d95,spotSend,HYPE:0x0d01dc56dcaaca66ad901c959b4011ec,4911.20443056,0x716bd8d3337972db99995dda5c4b34d954a61d95,0xa4b1,Mainnet,599986983,0x501a501e251b8c0a98430423c313270173005cc5e61d3940c94a82f88242ddee,
1747645237664,0x716bd8d3337972db99995dda5c4b34d954a61d95,spotSend,HYPE:0x0d01dc56dcaaca66ad901c959b4011ec,11113.7124916,0x716bd8d3337972db99995dda5c4b34d954a61d95,0xa4b1,Mainnet,599941131,0x2543eccc239e5e00bcd40423c2600b018500bd3e8cfa8c5e1cf5abed66c61717,
1747641637534,0x716bd8d3337972db99995dda5c4b34d954a61d95,spotSend,HYPE:0x0d01dc56dcaaca66ad901c959b4011ec,23718.8106,0x716bd8d3337972db99995dda5c4b34d954a61d95,0xa4b1,Mainnet,599894794,0x829dba8e955ca49436b10423c1ab0a02033100b08fe39ce46e7d6a7584f76f2a,
1747638037565,0x716bd8d3337972db99995dda5c4b34d954a61d95,spotSend,HYPE:0x0d01dc56dcaaca66ad901c959b4011ec,5000,0x716bd8d3337972db99995dda5c4b34d954a61d95,0xa4b1,Mainnet,599848878,0x2691ce12e04a3e28b9920423c0f7ae0203b30007afe71e737d2c364d7fbba2b5,
1747634437574,0x716bd8d3337972db99995dda5c4b34d954a61d95,spotSend,HYPE:0x0d01dc56dcaaca66ad901c959b4011ec,11948.59489715,0x716bd8d3337972db99995dda5c4b34d954a61d95,0xa4b1,Mainnet,599803158,0xdef9f70ab31de81959860423c0451601cb00e370f582a61cf88ea87e38dd672b,
1747627237764,0x716bd8d3337972db99995dda5c4b34d954a61d95,spotSend,HYPE:0x0d01dc56dcaaca66ad901c959b4011ec,6496.2873,0x716bd8d3337972db99995dda5c4b34d954a61d95,0xa4b1,Mainnet,599712082,0xf2cf5b4026e18d1937b70423bee15201a000ff6f460a59aba4083366c930663d,
1747623637925,0x716bd8d3337972db99995dda5c4b34d954a61d95,spotSend,HYPE:0x0d01dc56dcaaca66ad901c959b4011ec,311235.9769087,0x716bd8d3337972db99995dda5c4b34d954a61d95,0xa4b1,Mainnet,599666115,0xa14a997ac30dcf13ab990423be2dc301a000e002215f6ab1b91d67fe318c54dd,
1747620037754,0x716bd8d3337972db99995dda5c4b34d954a61d95,spotSend,HYPE:0x0d01dc56dcaaca66ad901c959b4011ec,7633.47058826,0x716bd8d3337972db99995dda5c4b34d954a61d95,0xa4b1,Mainnet,599620454,0x7a725ba8c7c6cbb019c80423bd7b66019000e55226c7f5aa5f884753c57545e7,
1747616437631,0x716bd8d3337972db99995dda5c4b34d954a61d95,spotSend,HYPE:0x0d01dc56dcaaca66ad901c959b4011ec,5698.38419215,0x716bd8d3337972db99995dda5c4b34d954a61d95,0xa4b1,Mainnet,599575417,0xe3d2e861ed88f3106eaf0423bccb790202940090d9cec47a688364e601fb1747,
1747612837920,0x716bd8d3337972db99995dda5c4b34d954a61d95,spotSend,HYPE:0x0d01dc56dcaaca66ad901c959b4011ec,9684.86639645,0x716bd8d3337972db99995dda5c4b34d954a61d95,0xa4b1,Mainnet,599530518,0xf944262cd109bd16fdb80423bc1c160201730028b76b3e332c0ceebbbc1e7444,
1747609237645,0x716bd8d3337972db99995dda5c4b34d954a61d95,spotSend,HYPE:0x0d01dc56dcaaca66ad901c959b4011ec,4843.98548942,0x716bd8d3337972db99995dda5c4b34d954a61d95,0xa4b1,Mainnet,599484424,0xa43cb2b4832cb07413d00423bb680802018800c21840a9a2fa2aa840e8e8c22a,
1747605638682,0x716bd8d3337972db99995dda5c4b34d954a61d95,spotSend,HYPE:0x0d01dc56dcaaca66ad901c959b4011ec,8444.18008723,0x716bd8d3337972db99995dda5c4b34d954a61d95,0xa4b1,Mainnet,599438699,0x7af9fc043c4f34d043020423bab56b02034a00509db5abfcd016710fddc2fef3,
1747602038308,0x716bd8d3337972db99995dda5c4b34d954a61d95,spotSend,HYPE:0x0d01dc56dcaaca66ad901c959b4011ec,4854.1370458,0x716bd8d3337972db99995dda5c4b34d954a61d95,0xa4b1,Mainnet,599393230,0xeb0c6b758b042cf89e450423ba03ce02022400373dc84387e3e0f0e71d168b59,
1747598437838,0x716bd8d3337972db99995dda5c4b34d954a61d95,spotSend,HYPE:0x0d01dc56dcaaca66ad901c959b4011ec,1643.72317999,0x716bd8d3337972db99995dda5c4b34d954a61d95,0xa4b1,Mainnet,599347848,0xc0e054f3350e7ce2a17a0423b9528802029200598ba42290c98369c5059abb4a,
1747594839706,0x716bd8d3337972db99995dda5c4b34d954a61d95,spotSend,HYPE:0x0d01dc56dcaaca66ad901c959b4011ec,53770.66232437,0x716bd8d3337972db99995dda5c4b34d954a61d95,0xa4b1,Mainnet,599302241,0xc282c827bcc6bcb3fa5b0423b8a06102017f00e4b5e42e131c6ad057976ee71d,
1747591237886,0x716bd8d3337972db99995dda5c4b34d954a61d95,spotSend,HYPE:0x0d01dc56dcaaca66ad901c959b4011ec,1452.70080861,0x716bd8d3337972db99995dda5c4b34d954a61d95,0xa4b1,Mainnet,599257030,0xcfa6cc462f0d36527ec90423b7efc6020132007b22af9c6334b643a2b722911a,
1747584038895,0x716bd8d3337972db99995dda5c4b34d954a61d95,spotSend,HYPE:0x0d01dc56dcaaca66ad901c959b4011ec,7614.4180203,0x716bd8d3337972db99995dda5c4b34d954a61d95,0xa4b1,Mainnet,599165157,0x71ed85eeb51faa7f238c0423b688e50203c1002b00f55478d8cb56b467893ca8,
1747576838460,0x716bd8d3337972db99995dda5c4b34d954a61d95,spotSend,HYPE:0x0d01dc56dcaaca66ad901c959b4011ec,10006.65366428,0x716bd8d3337972db99995dda5c4b34d954a61d95,0xa4b1,Mainnet,599074242,0x5da01ae44d9eae19042e0423b525c20204b400d23e902ef20c52a47d301c116f,
1747566038662,0x716bd8d3337972db99995dda5c4b34d954a61d95,spotSend,HYPE:0x0d01dc56dcaaca66ad901c959b4011ec,5682.67134309,0x716bd8d3337972db99995dda5c4b34d954a61d95,0xa4b1,Mainnet,598936129,0xefe9a701ff4cca37837c0423b30a410202fb004a1fa5330627a7499149c71142,
1747562438995,0x716bd8d3337972db99995dda5c4b34d954a61d95,spotSend,HYPE:0x0d01dc56dcaaca66ad901c959b4011ec,5178.53878816,0x716bd8d3337972db99995dda5c4b34d954a61d95,0xa4b1,Mainnet,598889863,0xbd8b47befe711b4186f50423b255870201a9005c64ac71e0db7af51737a6aeff,
1747558838742,0x716bd8d3337972db99995dda5c4b34d954a61d95,spotSend,HYPE:0x0d01dc56dcaaca66ad901c959b4011ec,11249.76672552,0x716bd8d3337972db99995dda5c4b34d954a61d95,0xa4b1,Mainnet,598843378,0xa057aa6caf7287727edf0423b19ff20201c4001eb8d4a5c125336fc3f81325f7,
1747555237644,0x716bd8d3337972db99995dda5c4b34d954a61d95,spotSend,HYPE:0x0d01dc56dcaaca66ad901c959b4011ec,8289.97257142,0x716bd8d3337972db99995dda5c4b34d954a61d95,0xa4b1,Mainnet,598796937,0xeba4f39f072aba74ce500423b0ea89020195001b5de8653bdaa88a6a93fe7313,
1747551638424,0x716bd8d3337972db99995dda5c4b34d954a61d95,spotSend,HYPE:0x0d01dc56dcaaca66ad901c959b4011ec,10483.28493068,0x716bd8d3337972db99995dda5c4b34d954a61d95,0xa4b1,Mainnet,598750878,0x3a7e6479933890e0fce40423b0369e01e3007c996589ffcb1c25b59cc3534969,
1747393240148,0x716bd8d3337972db99995dda5c4b34d954a61d95,spotSend,HYPE:0x0d01dc56dcaaca66ad901c959b4011ec,151888.6414,0x716bd8d3337972db99995dda5c4b34d954a61d95,0xa4b1,Mainnet,596721215,0x0bac74aff99c6d0ba7a50423913e3f015900bbcf608ed38d9b572ad0d0da3d7c,
1747389637744,0x716bd8d3337972db99995dda5c4b34d954a61d95,spotSend,HYPE:0x0d01dc56dcaaca66ad901c959b4011ec,1736.22453572,0x716bd8d3337972db99995dda5c4b34d954a61d95,0xa4b1,Mainnet,596675245,0x410511f14c93d0dcf68b0423908aad0201900038e0d6c5337063831a9cd71297,
1747386036766,0x716bd8d3337972db99995dda5c4b34d954a61d95,spotSend,HYPE:0x0d01dc56dcaaca66ad901c959b4011ec,2122.48252547,0x716bd8d3337972db99995dda5c4b34d954a61d95,0xa4b1,Mainnet,596628786,0xe43bfefd6222d3b9553304238fd5320201530078a1b3456e046dcf6bbb5d4ab4,
1747371665923,0x716bd8d3337972db99995dda5c4b34d954a61d95,spotSend,HYPE:0x0d01dc56dcaaca66ad901c959b4011ec,513.28619983,0x716bd8d3337972db99995dda5c4b34d954a61d95,0xa4b1,Mainnet,596444931,0x7f3fd7760aafcb0cc75204238d070302013a0034061717d29e4886fae3c66de9,
1747364438156,0x716bd8d3337972db99995dda5c4b34d954a61d95,spotSend,HYPE:0x0d01dc56dcaaca66ad901c959b4011ec,2526.51427608,0x716bd8d3337972db99995dda5c4b34d954a61d95,0xa4b1,Mainnet,596351874,0xf8179e97636203e9d46904238b9b82020166009873e9178076b7b42000c94191,
1747360838681,0x716bd8d3337972db99995dda5c4b34d954a61d95,spotSend,HYPE:0x0d01dc56dcaaca66ad901c959b4011ec,5399.43107608,0x716bd8d3337972db99995dda5c4b34d954a61d95,0xa4b1,Mainnet,596306255,0xb0cd70fdbe37cd89d45104238ae94f02081f0034cdafd423189d86eb522f2abe,
1747357236755,0x716bd8d3337972db99995dda5c4b34d954a61d95,spotSend,HYPE:0x0d01dc56dcaaca66ad901c959b4011ec,6899.24869412,0x716bd8d3337972db99995dda5c4b34d954a61d95,0xa4b1,Mainnet,596261323,0x0c7130c3138e9b8d541204238a39cb01ce005f361288867dbdf7fed65e5a15bc,
1747353637950,0x716bd8d3337972db99995dda5c4b34d954a61d95,spotSend,HYPE:0x0d01dc56dcaaca66ad901c959b4011ec,8119.19514015,0x716bd8d3337972db99995dda5c4b34d954a61d95,0xa4b1,Mainnet,596215513,0x0b4cb0b8177638eff38a04238986d902018100757aba2447d14af4dd402b79f4,
1747350037187,0x716bd8d3337972db99995dda5c4b34d954a61d95,spotSend,HYPE:0x0d01dc56dcaaca66ad901c959b4011ec,7108.77602659,0x716bd8d3337972db99995dda5c4b34d954a61d95,0xa4b1,Mainnet,596169831,0xdb9fa7df7145de51f8da042388d46701ba0002a8c1d2d52e226b2937915ca3ae,
1747346438861,0x716bd8d3337972db99995dda5c4b34d954a61d95,spotSend,HYPE:0x0d01dc56dcaaca66ad901c959b4011ec,4684.66692058,0x716bd8d3337972db99995dda5c4b34d954a61d95,0xa4b1,Mainnet,596123745,0x78f7f08b780a1802275b042388206101e4008119ae8a52c6d351a6656ee5728d,
1747342839250,0x716bd8d3337972db99995dda5c4b34d954a61d95,spotSend,HYPE:0x0d01dc56dcaaca66ad901c959b4011ec,4683.55031363,0x716bd8d3337972db99995dda5c4b34d954a61d95,0xa4b1,Mainnet,596077939,0xa7064fd269b7eb81dddd0423876d73020472008387f6367b86532381999c8efe,
1747339236700,0x716bd8d3337972db99995dda5c4b34d954a61d95,spotSend,HYPE:0x0d01dc56dcaaca66ad901c959b4011ec,3674.72433566,0x716bd8d3337972db99995dda5c4b34d954a61d95,0xa4b1,Mainnet,596031708,0xa41aeff2b76ae6b2e066042386b8dc0201b2004818d6a5e3354f20398592e1ed,
1747335639480,0x716bd8d3337972db99995dda5c4b34d954a61d95,spotSend,HYPE:0x0d01dc56dcaaca66ad901c959b4011ec,3113.3665592,0x716bd8d3337972db99995dda5c4b34d954a61d95,0xa4b1,Mainnet,595986090,0x7b23ba38f4b332c60a1404238606aa0208de00f9e4da75866ae685f69cc64f20,
1747332037220,0x716bd8d3337972db99995dda5c4b34d954a61d95,spotSend,HYPE:0x0d01dc56dcaaca66ad901c959b4011ec,7816.49162131,0x716bd8d3337972db99995dda5c4b34d954a61d95,0xa4b1,Mainnet,595940667,0x77383f776152b699fe5f042385553b0201fa007b41926755d535d72d08bcbae4,
1747328439110,0x716bd8d3337972db99995dda5c4b34d954a61d95,spotSend,HYPE:0x0d01dc56dcaaca66ad901c959b4011ec,229796.27605538,0x716bd8d3337972db99995dda5c4b34d954a61d95,0xa4b1,Mainnet,595894597,0x6faeeda56355db1cda6c042384a14501cd00d26a92f93b4eb39469a42f7cf871,
1747326969032,0x716bd8d3337972db99995dda5c4b34d954a61d95,spotSend,HYPE:0x0d01dc56dcaaca66ad901c959b4011ec,500000,0x716bd8d3337972db99995dda5c4b34d954a61d95,0xa4b1,Mainnet,595875881,0x0fcbeb7a2b0884aa4d68042384582902016c001e39b7c9abc3f65d8670bc27e7,
1747265556835,0x716bd8d3337972db99995dda5c4b34d954a61d95,spotSend,HYPE:0x0d01dc56dcaaca66ad901c959b4011ec,800000,0x716bd8d3337972db99995dda5c4b34d954a61d95,0xa4b1,Mainnet,595089882,0xf67d98ab865d56192bea04237859da01fa00c0b0a9c6bd423bf80f1cfd220aee,
1747238945740,0x716bd8d3337972db99995dda5c4b34d954a61d95,spotSend,HYPE:0x0d01dc56dcaaca66ad901c959b4011ec,500000,0x156fdf14cdb80c9623b5eb06a164a799aa719119,0xa4b1,Mainnet,594748938,0x321f8213354c1bd29d44042373260a0204fa007fd7a01bfd793981ef62064fa5,
1747230429281,0x716bd8d3337972db99995dda5c4b34d954a61d95,spotSend,HYPE:0x0d01dc56dcaaca66ad901c959b4011ec,572900,0x156fdf14cdb80c9623b5eb06a164a799aa719119,0xa4b1,Mainnet,594640617,0xd050119133ba01836b0a0423717ee90202b9008223aef453a29c0e90416822e2,
1747195146192,0x716bd8d3337972db99995dda5c4b34d954a61d95,spotSend,HYPE:0x0d01dc56dcaaca66ad901c959b4011ec,804700,0x156fdf14cdb80c9623b5eb06a164a799aa719119,0xa4b1,Mainnet,594192599,0x1a3bbca88d7126eb275804236aa8d701d000b72b860bcd394887d597943209b5,
1747158276188,0x716bd8d3337972db99995dda5c4b34d954a61d95,spotSend,HYPE:0x0d01dc56dcaaca66ad901c959b4011ec,1000000,0x156fdf14cdb80c9623b5eb06a164a799aa719119,0xa4b1,Mainnet,593730845,0x11f1ff805671b004eace0423639d1d017c00172c1dd3879c1ef3e4f54221a31e,
1747155639954,0x716bd8d3337972db99995dda5c4b34d954a61d95,spotSend,HYPE:0x0d01dc56dcaaca66ad901c959b4011ec,5560.4078,0x716bd8d3337972db99995dda5c4b34d954a61d95,0xa4b1,Mainnet,593697403,0x5f7598fc5195072bef700423631a7b01c000c415984958ddba1d5985980a6249,
1747152068771,0x716bd8d3337972db99995dda5c4b34d954a61d95,spotSend,HYPE:0x0d01dc56dcaaca66ad901c959b4011ec,9032.65479337,0x716bd8d3337972db99995dda5c4b34d954a61d95,0xa4b1,Mainnet,593653152,0xce0d63bf2f2b7cb34bd70423626da00203df0079eff3e58df92209d615cd6de9,
1747144837265,0x716bd8d3337972db99995dda5c4b34d954a61d95,spotSend,HYPE:0x0d01dc56dcaaca66ad901c959b4011ec,9771.9208,0x716bd8d3337972db99995dda5c4b34d954a61d95,0xa4b1,Mainnet,593562065,0xf2ee6784df39ad025b9904236109d102019700d048ea76a614e41ec6ebc694ac,
1747141239679,0x716bd8d3337972db99995dda5c4b34d954a61d95,spotSend,HYPE:0x0d01dc56dcaaca66ad901c959b4011ec,14218.26164208,0x716bd8d3337972db99995dda5c4b34d954a61d95,0xa4b1,Mainnet,593517069,0x056a42a2bc87f113f9780423605a0d0202290008ebd2b01a528d5adf5d46dae3,
1747137638101,0x716bd8d3337972db99995dda5c4b34d954a61d95,spotSend,HYPE:0x0d01dc56dcaaca66ad901c959b4011ec,6986.34451928,0x716bd8d3337972db99995dda5c4b34d954a61d95,0xa4b1,Mainnet,593472040,0xd106546e0f65d0c3a77504235faa28018700b39e53a9cda926ff2ce4532f1ff5,
1747134035662,0x716bd8d3337972db99995dda5c4b34d954a61d95,spotSend,HYPE:0x0d01dc56dcaaca66ad901c959b4011ec,7331.33518221,0x716bd8d3337972db99995dda5c4b34d954a61d95,0xa4b1,Mainnet,593426354,0x8ee0a29e3e5dddde98b904235ef7b20201df0099ef01520a6212a3dfa7ebba0b,
1747130438990,0x716bd8d3337972db99995dda5c4b34d954a61d95,spotSend,HYPE:0x0d01dc56dcaaca66ad901c959b4011ec,6590.13508571,0x716bd8d3337972db99995dda5c4b34d954a61d95,0xa4b1,Mainnet,593381133,0x76c22329f35d2b8697c804235e470d020222009bbb2f7cebcd4ca22085c2ebe1,
1747126838153,0x716bd8d3337972db99995dda5c4b34d954a61d95,spotSend,HYPE:0x0d01dc56dcaaca66ad901c959b4011ec,5608.47897143,0x716bd8d3337972db99995dda5c4b34d954a61d95,0xa4b1,Mainnet,593335361,0x90078f9f355d9f0dbcc804235d944101ef001c707a9696b478c98eb5cefda425,
1747123239164,0x716bd8d3337972db99995dda5c4b34d954a61d95,spotSend,HYPE:0x0d01dc56dcaaca66ad901c959b4011ec,8877.6278,0x716bd8d3337972db99995dda5c4b34d954a61d95,0xa4b1,Mainnet,593290150,0xda7a7f8dadb62afe5adc04235ce3a602011b00c9be721ec2893fe32e14d44356,
1747119638064,0x716bd8d3337972db99995dda5c4b34d954a61d95,spotSend,HYPE:0x0d01dc56dcaaca66ad901c959b4011ec,5853.9604,0x716bd8d3337972db99995dda5c4b34d954a61d95,0xa4b1,Mainnet,593244831,0xbe61c0ec8b5b49977b1004235c329f02015e00dd70f7ffa3404270729f5ae756,
1747116036840,0x716bd8d3337972db99995dda5c4b34d954a61d95,spotSend,HYPE:0x0d01dc56dcaaca66ad901c959b4011ec,5869.9604,0x716bd8d3337972db99995dda5c4b34d954a61d95,0xa4b1,Mainnet,593199701,0x67ce2418bd285b79faf504235b825501c800cd4275f16400aefe435c6d585216,
1747112439551,0x716bd8d3337972db99995dda5c4b34d954a61d95,spotSend,HYPE:0x0d01dc56dcaaca66ad901c959b4011ec,5485.03884286,0x716bd8d3337972db99995dda5c4b34d954a61d95,0xa4b1,Mainnet,593154317,0xc44bf718ae6d5c27d0cc04235ad10d02013e00b9aa4b9a8dfebbda81df3c8387,
1747108837177,0x716bd8d3337972db99995dda5c4b34d954a61d95,spotSend,HYPE:0x0d01dc56dcaaca66ad901c959b4011ec,9001.74878571,0x716bd8d3337972db99995dda5c4b34d954a61d95,0xa4b1,Mainnet,593109171,0x3547718013a7ed68438a04235a20b302029200c495e89a5aacbd2fa82fcf7bc2,
1747105236130,0x716bd8d3337972db99995dda5c4b34d954a61d95,spotSend,HYPE:0x0d01dc56dcaaca66ad901c959b4011ec,8687.79823875,0x716bd8d3337972db99995dda5c4b34d954a61d95,0xa4b1,Mainnet,593064206,0x354ea67882199f475dba042359710e020139008779e2a8e934352635a663658e,
1747101636597,0x716bd8d3337972db99995dda5c4b34d954a61d95,spotSend,HYPE:0x0d01dc56dcaaca66ad901c959b4011ec,1668.8514,0x716bd8d3337972db99995dda5c4b34d954a61d95,0xa4b1,Mainnet,593020220,0xf219b5aefbcdac2749c3042358c53c02014f00eb72ddf58cda04b2ef716dc6f7,
