top_100_wallet_address,file_wallet_address
0x470acb23c5cf667e12e9d1cf6d53c9b203f4db90,0x00f5da329d61371ffa39680b4d226bcba46e406e
0xc4ff1b50648213bdb064bea8c9e25bfa0606f93a,0x03b3e2069830dd3bd1a5b5e45dad60a770227ed7
0xb2833d8822baa7b4e6418c0d891ec94db31adf5a,0x03b9a189e2480d1e4c3007080b29f362282130fa
0xaf297dec752c909092a117a932a8ca4aaaff9795,0x091144e651b334341eabdbbbfed644ad0100023e
0xeb995c082dd1249fde261fa7c0b1c0a04fda86c9,0x0aadc54a9e78cfe2e971aa8edcedea9c6df01f46
0x656c8da58d738295e03550796dd83900aa7c6525,0x0b40f443a5db715151848d9f556a8c644feb8474
0x9f3b90f03dbe29c31ed1d05d7f6515248b9de2cf,0x0cbf655b0d22ae71fba3a674b0e1c0c7e7f975af
0x493db0ed7514c975e9abcc110bd40c473b6763e3,0x0d0707963952f2fba59dd06f2b425ace40b492fe
0x7f0269d7438a27811e6fa0fc33b51a79ea79be9e,0x0e41eb80e9a39ae7b887a94f6a88f6c791e26359
0x7be1cba648ebe1ab8084244d23f28d68a86480d8,0x0e8bf301805df4e6ba7151297e5f7dfedc1eaab9
0x0f991873aab3e14191978946d48f30f624ae9867,0x0f991873aab3e14191978946d48f30f624ae9867
0x8bff50aad8b4e06c5e148eaeb9d7aef69e26cdc3,0x1419e75330c71ce463102e6a1eb62fe80b412d5f
0x7dacca323e44f168494c779bb5e7483c468ef410,0x14a872e2564aa6e4ce108cdb427dbac794590016
0x518c447fa619f07e720a97a745e630c40b36083e,0x156115e100141e9330620c253225cc5ee598a31a
0x18ed0f81334d32027da587f92eab8c53a87eacbd,0x18ed0f81334d32027da587f92eab8c53a87eacbd
0xe867fbdad3291530e41530301ecb77693850c78e,0x1ab4973a48dc892cd9971ece8e01dcc7688f8f23
0x0cbf655b0d22ae71fba3a674b0e1c0c7e7f975af,0x1da722cfa8b0dfda57cf8d787689039c7a63f049
0x2222222222222222222222222222222222222222,0x2058bcf5cecbac4ac91393fe18655ea338979797
0x51156f7002c4f74f4956c9e0f2b7bfb6e9dbfac2,0x2222222222222222222222222222222222222222
0xa2ce501d9c0c5e23d34272f84402cfb7835b3126,0x25cd302e37a69d70a6ef645daea5a7de38c66e2a
0xa23190045c4aebeb724844ce622465475e539bae,0x34a15fb11242f63765bcaf05a5925dcb407770a2
0x156115e100141e9330620c253225cc5ee598a31a,0x372c7f69d0ecc14f73f89bd8a7dfb41bdf29857c
0x77c3ea550d2da44b120e55071f57a108f8dd5e45,0x37ba55978b3add5e61c3cf1cdfe445c0d55482dd
0x9e875bd28ee5001478c16cb0c8329116a3c3e816,0x3e3868f5e6fd1b2c2b91b234436b46c0a5b1140c
0x43e9abea1910387c4292bca4b94de81462f8a251,0x43e9abea1910387c4292bca4b94de81462f8a251
0x0e8bf301805df4e6ba7151297e5f7dfedc1eaab9,0x470acb23c5cf667e12e9d1cf6d53c9b203f4db90
0xc59498175d6d317642aeb97f895a7ce1aa992191,0x493db0ed7514c975e9abcc110bd40c473b6763e3
0x99967871e6c4f9a5185abc57edede9e9540191f6,0x4a207d289fd49e60502451099771127bcf35b961
0xb83de012dba672c76a7dbbbf3e459cb59d7d6e36,0x4e14fc11f58b64740e66e4b1aa188a4b007c0eab
0xa9ff08af55b24bb5d064d776a078e8a292b8dfe2,0x51156f7002c4f74f4956c9e0f2b7bfb6e9dbfac2
0x091144e651b334341eabdbbbfed644ad0100023e,0x518c447fa619f07e720a97a745e630c40b36083e
0x14a872e2564aa6e4ce108cdb427dbac794590016,0x5b5d51203a0f9079f8aeb098a6523a13f298c060
0xd22fd233a6ed7b6a19c659fb4f05fefa4f0c7043,0x6555e1cc97d3cba6eaddebbcd7ca51d75771e0b8
0x00f5da329d61371ffa39680b4d226bcba46e406e,0x656c8da58d738295e03550796dd83900aa7c6525
0x372c7f69d0ecc14f73f89bd8a7dfb41bdf29857c,0x67fe021a7e9c8af558d3714e7bc6fa544da6cad4
0x77375a8c9d13bf79afb2a87f1b0ac1dfd5f5bf66,0x716bd8d3337972db99995dda5c4b34d954a61d95
0xa0d66bab5f04cb3055cc2f6b0494cb33be32c2c2,0x77375a8c9d13bf79afb2a87f1b0ac1dfd5f5bf66
0xbf49647d017805fcc576ac10f33a788e636f4258,0x77c3ea550d2da44b120e55071f57a108f8dd5e45
0x82d8dc80190e6bc1d92b048f9fc7e85e5e1e32ff,0x7be1cba648ebe1ab8084244d23f28d68a86480d8
0x0e41eb80e9a39ae7b887a94f6a88f6c791e26359,0x7dacca323e44f168494c779bb5e7483c468ef410
0x03b9a189e2480d1e4c3007080b29f362282130fa,0x7f0269d7438a27811e6fa0fc33b51a79ea79be9e
0x2058bcf5cecbac4ac91393fe18655ea338979797,0x807a2e2e469df84b299da5f90f15dda4380daca1
0xcd1a5fb7c3a5ad2a13fce54853b3c3a01396e525,0x8196e0648cb16e9151c2920618a58605706b5836
0xa20fcfa0507fe762011962cc581b95bbbc3bbdba,0x82d8dc80190e6bc1d92b048f9fc7e85e5e1e32ff
0xfefefefefefefefefefefefefefefefefefefefe,0x89453000afe81a8843ae2d1c5df0f340f8800779
0x9abe126127818c6440db88cf32a222e47193e0b0,0x8bff50aad8b4e06c5e148eaeb9d7aef69e26cdc3
0xd9225c2b6383f6e532c01c34d7588b1106b9e30b,0x9794bbbc222b6b93c1417d01aa1ff06d42e5333b
0xea8f34a15f523523728291aa7ac4d758da013dc1,0x97f8219e401f07752a60ddb0a75efda96d1389d9
0xfae95f601f3a25ace60d19dbb929f2a5c57e3571,0x992ec71207c9e183e64c81461908f1a1a783af6a
0x1419e75330c71ce463102e6a1eb62fe80b412d5f,0x99967871e6c4f9a5185abc57edede9e9540191f6
0xa57e1325a11e30c6918573300d73e8142e17f1bd,0x9abe126127818c6440db88cf32a222e47193e0b0
0xaefcc9cacbe0e41978bef1818358f471848de9cb,0x9e875bd28ee5001478c16cb0c8329116a3c3e816
0x4a207d289fd49e60502451099771127bcf35b961,0x9f3b90f03dbe29c31ed1d05d7f6515248b9de2cf
0x807a2e2e469df84b299da5f90f15dda4380daca1,0xa0d66bab5f04cb3055cc2f6b0494cb33be32c2c2
0xee5c571813227fe7bbeef6fdd9f3e0592aca4799,0xa20fcfa0507fe762011962cc581b95bbbc3bbdba
0xcfdb74a8c080bb7b4360ed6fe21f895c653efff4,0xa23190045c4aebeb724844ce622465475e539bae
0x0d0707963952f2fba59dd06f2b425ace40b492fe,0xa2ce501d9c0c5e23d34272f84402cfb7835b3126
0x8196e0648cb16e9151c2920618a58605706b5836,0xa350d83fdcc7ac81dfaedea1a87108401ccb015f
0x34a15fb11242f63765bcaf05a5925dcb407770a2,0xa57e1325a11e30c6918573300d73e8142e17f1bd
0x0aadc54a9e78cfe2e971aa8edcedea9c6df01f46,0xa69e24a291687a7cc0bb1d8bc09ba74e667d4d9e
0x37ba55978b3add5e61c3cf1cdfe445c0d55482dd,0xa87a233e8a7d8951ff790a2e39738086cb5f71b7
0x25cd302e37a69d70a6ef645daea5a7de38c66e2a,0xa9ff08af55b24bb5d064d776a078e8a292b8dfe2
0x67fe021a7e9c8af558d3714e7bc6fa544da6cad4,0xad6b6913aa3e3071910a4d53a5c88dc01bade4a4
0xfdc5a81605d8b926947d2e865f74025dd53ac314,0xaefcc9cacbe0e41978bef1818358f471848de9cb
0x13c50dcdee4bbcba71baf578b345cdd35c7928be,0xaf297dec752c909092a117a932a8ca4aaaff9795
0x89453000afe81a8843ae2d1c5df0f340f8800779,0xb2833d8822baa7b4e6418c0d891ec94db31adf5a
0x0b40f443a5db715151848d9f556a8c644feb8474,0xb83de012dba672c76a7dbbbf3e459cb59d7d6e36
0xa69e24a291687a7cc0bb1d8bc09ba74e667d4d9e,0xb952a94e9a9a63b393946dea15e1d86d22656331
0xcac19662ec88d23fa1c81ac0e8570b0cf2ff26b3,0xb9a2bc88d22e82628acdb2a86fc297a038b3158e
0xbdfa4f4492dd7b7cf211209c4791af8d52bf5c50,0xbde2ddc49a2e6827300faa6afc93d572114a60b1
0x5b5d51203a0f9079f8aeb098a6523a13f298c060,0xbdfa4f4492dd7b7cf211209c4791af8d52bf5c50
0xad6b6913aa3e3071910a4d53a5c88dc01bade4a4,0xbf49647d017805fcc576ac10f33a788e636f4258
0x716bd8d3337972db99995dda5c4b34d954a61d95,0xc4ff1b50648213bdb064bea8c9e25bfa0606f93a
0xcf9bfaf7e7ed48d85f2487b8fed07852a5e93ad1,0xc59498175d6d317642aeb97f895a7ce1aa992191
0xe06a3c8d7eedc8c907a0bba434804288a6f7cd24,0xc764acfc6724434fb7a76f1c09db9b42481a443c
0x6555e1cc97d3cba6eaddebbcd7ca51d75771e0b8,0xcac19662ec88d23fa1c81ac0e8570b0cf2ff26b3
0xeaf97d4ac9d2cdd09df78d00fe9015aa27267af8,0xcd1a5fb7c3a5ad2a13fce54853b3c3a01396e525
0xecb63caa47c7c4e77f60f1ce858cf28dc2b82b00,0xcdf9a0cc8174dba1019e4c176c0a179f1d4d1ad3
0xb9a2bc88d22e82628acdb2a86fc297a038b3158e,0xcfdb74a8c080bb7b4360ed6fe21f895c653efff4
0xa87a233e8a7d8951ff790a2e39738086cb5f71b7,0xd22fd233a6ed7b6a19c659fb4f05fefa4f0c7043
0x4e14fc11f58b64740e66e4b1aa188a4b007c0eab,0xd57ecca444a9acb7208d286be439de12dd09de5d
0xf517639a8872e756ac98d3c65507d2ebc25cc032,0xd9225c2b6383f6e532c01c34d7588b1106b9e30b
0xbee95bb47bc4e28bb1fd489a2d0f873fe59172ad,0xdaaeb593f0ca48772902be38a8a3928917dc97df
0xdaaeb593f0ca48772902be38a8a3928917dc97df,0xe06a3c8d7eedc8c907a0bba434804288a6f7cd24
0x9794bbbc222b6b93c1417d01aa1ff06d42e5333b,0xe36eebf15b7b5042d86885641f5b040a8d07ae18
0x3e3868f5e6fd1b2c2b91b234436b46c0a5b1140c,0xe867fbdad3291530e41530301ecb77693850c78e
0xffe664491482ae9db6ba9e55c2ed1ea55c700a52,0xea8f34a15f523523728291aa7ac4d758da013dc1
0x1ab4973a48dc892cd9971ece8e01dcc7688f8f23,0xeaf97d4ac9d2cdd09df78d00fe9015aa27267af8
0xcdf9a0cc8174dba1019e4c176c0a179f1d4d1ad3,0xeb995c082dd1249fde261fa7c0b1c0a04fda86c9
0x03b3e2069830dd3bd1a5b5e45dad60a770227ed7,0xecb63caa47c7c4e77f60f1ce858cf28dc2b82b00
0xb952a94e9a9a63b393946dea15e1d86d22656331,0xee5c571813227fe7bbeef6fdd9f3e0592aca4799
0xd57ecca444a9acb7208d286be439de12dd09de5d,0xf02021e26e0bbfef8ffa2cc9cb64305a8ae465b4
0x97f8219e401f07752a60ddb0a75efda96d1389d9,0xf517639a8872e756ac98d3c65507d2ebc25cc032
0x1da722cfa8b0dfda57cf8d787689039c7a63f049,0xfae95f601f3a25ace60d19dbb929f2a5c57e3571
0x992ec71207c9e183e64c81461908f1a1a783af6a,0xfdc5a81605d8b926947d2e865f74025dd53ac314
0xc764acfc6724434fb7a76f1c09db9b42481a443c,0xfefefefefefefefefefefefefefefefefefefefe
0xf02021e26e0bbfef8ffa2cc9cb64305a8ae465b4,0xffe664491482ae9db6ba9e55c2ed1ea55c700a52
0xa350d83fdcc7ac81dfaedea1a87108401ccb015f,
0xe36eebf15b7b5042d86885641f5b040a8d07ae18,
0xbde2ddc49a2e6827300faa6afc93d572114a60b1,
